codigo,area,enunciado,a,b,c,d,e,correcta,activa
A-001,Cuestionario EFI-CACES,"Durante el turno en el servicio de Medicina interna, se valora a un paciente masculino de 75 años con antecedentes de hipertensión arterial. En la valoración de enfermería se Identifica anuria de 24 horas, fiebre y dolor en la fosa renal izquierda. El médico indica de manera presuntiva el diagnostico de insuficiencia por el uso de nefrotóxicos. ¿Cuál medicamento provoca esta lesión?",Claritromicina.,Gentamicina.,Ciprofloxacina.,Cefazolina.,,B,si
A-002,Cuestionario EFI-CACES,"Usted trabaja en el Departamento de Control de Infecciones, como reporte semanal se detectó un incremento en la tasa de infecciones del sitio quirúrgico, para lo que le piden revisar el libro de registros de los quirófanos y reconocer los parámetros anómalos con relación a temperatura y humedad. ¿En qué quirófano está ocurriendo lo planteado en el caso?","Quirófano 3: Temperatura 22 °C, humedad 52 %.","Quirófano 2: Temperatura 20 °C, humedad 50 %.","Quirófano 1: Temperatura 24 °C, humedad 56 %.","Quirófano 4: Temperatura 23 °C, humedad 55 %.",,C,si
A-003,Cuestionario EFI-CACES,"A la valoración de un recién nacido, en el cual se identifica: que no responde, no ventila y no tiene pulso; en la escena se encuentra el profesional de enfermería y un segundo reanimador. ¿Cuál es la relación entre compresión y ventilación en este caso?",15 compresiones 2 ventilaciones.,30 compresiones 1 ventilación.,30 compresiones 2 ventilaciones.,15 compresiones 3 ventilaciones.,,A,si
A-004,Cuestionario EFI-CACES,"En una comunidad rural se reúnen los profesionales de salud y los actores locales para verificar el cumplimiento de las estrategias y acciones prioritarias de educación y comunicación por el inadecuado uso de químicos en la agricultura y la exposición prolongada a la radiación solar. Según datos estadísticos se establece que las inflamaciones oculares y queratitis actínica bajaron del 75% al 55%, las quemaduras y bronceado de la piel se incrementó del 65% al 75% y el envejecimiento prematuro del 45% persiste. La morbilidad sigue relacionada con la falta de uso de prendas y elementos de fotoprotección. El profesional de enfermería analiza que en los últimos dos años hay un incremento de transferencias por lesiones precancerosas y cáncer de piel en grupos étnicos, referidos al segundo nivel y unidades Oncológicas. ¿Con que orientaciones replantea los procesos educativos en promoción de la salud?",El enfoque de interculturalidad en las acciones educativas.,Preparar métodos expositivos con expertos y dirigidos a los actores sociales.,Lineamientos para desarrollar procesos de educación y comunicación.,Disponer de herramientas de educación y comunicación.,,A,si
A-005,Cuestionario EFI-CACES,"Recién nacido en sus primeros segundos de vida, producto a término con peso adecuado para la edad gestacional. Al momento, en la valoración APGAR de 0 a 3 puntos, presenta llanto débil, cianosis generalizada, ausencia de respiración, frecuencia cardíaca menor de 100 latidos por minuto. Al examen físico se evidencia presencia de líquido amniótico meconial, secreciones respiratorias en escasa cantidad. ¿Qué acción inmediata debe realizar el profesional en enfermería en el recién nacido?",Aplicar el minuto de oro.,Aspiración de secreciones.,Cuidados de observación.,Estímulos sensoriales.,,A,si
A-006,Cuestionario EFI-CACES,"Paciente femenina de 28 años, sintomática respiratoria por más de un mes, acudió al centro de salud obteniéndose la primera muestra de esputo, la profesional de enfermería le brindó información para la recolección de la segunda muestra y traerla al día siguiente pero no acudió. ¿Cuál es la actividad que debe realizar el personal de salud en ausencia de la paciente?",Coordinar la ubicación del sintomático respiratorio con la oficina técnica y obtener la segunda muestra.,Agendar una nueva cita para realizar la toma de primera y segunda muestra.,"Desechar la primera muestra y registrar la ausencia, programar una visita llevando dos envases.",Programar una visita domiciliaria para obtener la muestra faltante dentro de las 48 horas.,,D,si
A-007,Cuestionario EFI-CACES,"Paciente adulto mayor con antecedente de hipertensión arterial acude al centro de salud en busca de consejería, por lo que solicita información sobre una dieta adecuada. ¿Qué tipo de alimentos adicionaría a la dieta de este paciente?",Carne roja.,Sandía o melón.,Miel.,Frutos secos.,,D,si
A-008,Cuestionario EFI-CACES,"Durante una visita domiciliaria, se identifica a una familia compuesta por la madre de 35 años con antecedentes de hipertensión arterial, el padre de 45 años diagnosticado con diabetes mellitus tipo II, ambos con buena adherencia al tratamiento. Tienen un hijo de 4 años y otro de 8 meses, quienes no han completado su esquema de vacunación. En la entrevista, la madre expresa su deseo de mejorar la calidad de vida familiar y su disposición para cambiar conductas de salud, razón por la cual usted le brinda educación para la salud. Según la definición y clasificación de diagnósticos de enfermería, ¿Qué tipo de diagnóstico está aplicando para el cuidado de esta familia?",Diagnóstico de síndrome.,Diagnóstico focalizado en el problema.,Diagnóstico de promoción de la salud.,Diagnóstico de riesgo.,,C,si
A-009,Cuestionario EFI-CACES,"Mujer de 20 años primigesta que cursa un embarazo de 12 semanas, en su primer control prenatal usted identifica la presencia de algunos factores de riesgo, a la valoración de enfermería determina que es una paciente de bajo riesgo. ¿Relacione cuáles son los factores de riesgo modificables y no modificables?
1. Factores Modificables.
   a. Fecha de última menstruación incierta.
   b. Inadecuado soporte familiar y de la pareja.
2. Factores No Modificables.
   c. Fumadora habitual.
   d. Baja escolaridad.","1ad, 2bc.","1ab, 2cd.","1bc, 2ad.","1cd, 2ab.",,C,si
A-010,Cuestionario EFI-CACES,"Paciente de 50 años, sufre una caída sobre la mano extendida. Presenta dolor intenso, edema local, deformidad visible, hematomas y dificultad para mover la muñeca, se realiza una radiografía y se diagnostica una fractura de Colles, se le coloca una férula de yeso. En el plan de alta. ¿Qué indicación se debe dar al paciente?",Indicar al paciente que puede apoyar ligeramente la mano para realizar actividades cotidianas.,Recomendar la administración de analgésicos opioides de forma regular.,Asegurar que el paciente tenga cita con fisioterapia para iniciar la rehabilitación.,Enseñar a reconocer los signos de compromiso neurovascular distal.,,D,si
A-011,Cuestionario EFI-CACES,"Paciente masculino de 37 años, con tipo de sangre B negativo sufre accidente de tránsito y requiere transfusión sanguínea urgente, pero en el banco de sangre no se dispone de hemoderivados de su mismo grupo sanguíneo. ¿Cuál es el grupo sanguíneo que puede ser compatible con el tipo de sangre del paciente?",AB negativo.,B positivo.,O positivo.,O negativo.,,D,si
A-012,Cuestionario EFI-CACES,"En una investigación sobre factores asociados a la hipertensión en adultos, un equipo de salud comunitaria recolecta datos de 100 pacientes sobre dos variables cuantitativas: Edad (en años) y Presión arterial sistólica (en mmHg). Los investigadores desean determinar si existe una relación lineal significativa entre la edad y los niveles de presión arterial sistólica en la muestra. Ambas variables se distribuyen de manera normal. ¿Qué prueba estadística paramétrica es la más adecuada utilizar para este estudio?",Análisis de varianza unidireccional.,Coeficiente de correlación de Pearson.,Chi-cuadrado.,Prueba t.,,B,si
A-013,Cuestionario EFI-CACES,"Paciente masculino de 65 años acude al hospital para un control médico, en la valoración clínica registra un valor de presión arterial de 129/89 mmHg en la primera toma, al interrogatorio, el paciente informa que tiene antecedentes familiares de hipertensión arterial. ¿Cuál es la principal recomendación que usted brinda a este paciente?",Educar sobre el uso de terapia de medicamentos antihipertensivos.,Realizar prueba de esfuerzo para ver su capacidad cardiovascular.,Control de exámenes de laboratorio para descartar alguna complicación.,Educar sobre una dieta baja en sodio y un programa de ejercicio regular.,,D,si
A-014,Cuestionario EFI-CACES,Durante el turno en la unidad de cuidados intensivos la enfermera debe realizar un cambio de apósito de una herida quirúrgica. La profesional se da cuenta de que no se ha realizado la higiene de manos. ¿Cual es la acción principal que debe realizar en ese momento?,Realizar fricciones con preparación alcohólica.,Lavado quirúrgico.,Desinfectar el área de trabajo.,Colocarse un nuevo par de guantes estériles.,,A,si
A-015,Cuestionario EFI-CACES,Un paciente ingresa al hospital con diagnóstico de tuberculosis pulmonar activa. El personal de enfermería encargado de su cuidado debe tomar medidas para prevenir la transmisión de la enfermedad a otros pacientes y al personal de salud. ¿Qué tipo de aislamiento debe aplicarse en este caso?,Aislamiento por contacto.,Aislamiento por gotas.,Aislamiento por vía aérea.,Aislamiento por cohorte.,,C,si
A-016,Cuestionario EFI-CACES,"Paciente residente en una comunidad rural, con antecedentes de hipertensión arterial y diabetes tipo 2. Durante la visita domiciliaria, se observa que enfrenta varias dificultades que provocan tristeza, depresión y falta de adherencia al tratamiento. Como personal de enfermería, usted identifica estas necesidades, establece un plan de cuidado integral basado en la valoración de la situación de la paciente, y coordina los recursos y servicios necesarios para la atención. ¿Cuál es la principal competencia de la enfermera basada en la comunidad que usted desempeña en este caso?",Defensora del paciente.,Colaboradora.,Epidemióloga.,Gestora de casos.,,D,si
A-017,Cuestionario EFI-CACES,"Paciente femenina de 35 años refiere que consume un medicamento para tratar sus convulsiones. A la valoración de enfermería identifica una amenorrea de aproximadamente 7 semanas y algunos signos y síntomas probables de embarazo. Según el caso, ¿Qué medicamento consume la paciente y puede provocar teratogenicidad en el desarrollo embrionario?",Levotiroxina sódica.,Tiamina.,Carbamazepina.,Warfarina.,,C,si
A-018,Cuestionario EFI-CACES,"Gestante de 12 semanas se presenta en el centro de salud para inmunización, posterior al control prenatal por parte de la obstetra. No presenta problema alguno de salud, A la valoración de enfermería no existen signos o síntomas de infección alguna ni se refieren alergias a vacunas por parte de la gestante. ¿Qué vacuna está contraindicada para esta paciente?",Varicela,Hepatitis tipo B.,Difteria y Tétanos.,Influenza estacional.,,A,si
A-019,Cuestionario EFI-CACES,"Paciente con diagnóstico de aborto ectópico fue enviada de manera urgente desde el área de emergencia al quirófano, donde se realizó la intervención correspondiente y fue trasladada a la unidad de cuidados intensivos para su estabilización y monitoreo. ¿Cómo se clasifican las áreas en las que fue atendida la paciente?",No críticas.,Semicríticas.,Críticas.,De bajo riesgo.,,C,si
A-020,Cuestionario EFI-CACES,"El profesional de enfermería brinda cuidados a un paciente adulto hospitalizado en la Unidad de Cuidados Intensivos (UCI) que está recibiendo alimentación enteral a través de una sonda nasogástrica. Usted nota que la alimentación no está fluyendo correctamente por la sonda, se observa residuos de fármacos pulverizados en el trayecto de ésta y no logra obtener contenido gástrico mediante la aspiración por la sonda. ¿Qué complicación se describe en este caso?",Obstrucción de la sonda.,Mala colocación de la sonda.,Desplazamiento de la sonda.,Ruptura de la sonda.,,A,si
A-021,Cuestionario EFI-CACES,"Un recién nacido se encuentra hospitalizado por bajo peso al nacer. La madre refiere que durante el embarazo presentó anticuerpos IgG positivos para toxoplasmosis, lo que indica una infección pasada. El bebé se encuentra inmunizado contra la hepatitis B y está siendo alimentado exclusivamente con leche materna. ¿Cuál es la forma en la que el recién nacido desarrolló inmunidad activa?",Al recibir la vacuna contra la hepatitis B.,Al poseer anticuerpos para toxoplasmosis.,Al exponer al bebé al ambiente sanitario.,Al ser alimentado con leche materna.,,A,si
A-022,Cuestionario EFI-CACES,"Paciente femenina de 16 años acude a la unidad de salud, refiere que ha empezado su vida sexual y desconoce los métodos de anticoncepción, enfermedades de transmisión sexual, entre otros. Por lo que necesita asesoría en salud sexual y reproductiva. ¿Cuál es el primer paso a seguir para cumplir con el proceso de asesoría, de acuerdo al Manual de Asesoría en salud sexual y reproductiva del Ministerio de Salud Pública?",Indagación.,Vínculo.,Decisión.,Información.,,B,si
A-023,Cuestionario EFI-CACES,"Una enfermera se encuentra en un hospital atendiendo a un paciente en estado grave. Durante su turno, la enfermera se percata de que el médico a cargo no ha realizado ciertos procedimientos necesarios para el cuidado del paciente. Según el Código Deontológico del Consejo Internacional de Enfermeras (CIE), ¿Cuál de las siguientes acciones es la más adecuada para la enfermera en esta situación?",Conversar con el médico a cargo para discutir la situación y expresar su preocupación por el cuidado del paciente.,Ignorar la situación y no intervenir ya que no es responsabilidad directa del personal de enfermería.,Informar al paciente sobre la negligencia del médico y sugerirle que tome medidas legales.,Realizar los procedimientos médicos por su cuenta sin informar al médico a cargo del paciente.,,A,si
A-024,Cuestionario EFI-CACES,"Un paciente de 65 años con antecedentes de VIH hace un año, quien acude al centro de salud por presentar molestias articulares de moderada intensidad y un peso de 49 kg; el médico valora mediante examen físico y complementario, diagnosticándolo de TB ósea, iniciando por primera vez el tratamiento antituberculoso. ¿Cuál es el esquema de tratamiento que corresponde en este caso?",2HRZE/10HR.,2HRZE/6HR.,2HRZE/4HR.,2RHE/7HR.,,A,si
A-025,Cuestionario EFI-CACES,Un profesional de enfermería aplica los fundamentos de educación y comunicación para la promoción de la salud en su área de influencia. Al momento pretende desarrollar prácticas y actitudes que tengan incidencia sobre los determinantes de la salud a nivel comunitario. En el interrogatorio a un grupo focal encuentra prácticas potencialmente dañinas como la colocación de tela de araña en el ombligo de los recién nacidos. ¿Cómo se evidenciaría el enfoque sociocrítico en la promoción de la salud en este caso?,Transferencia de conocimientos como visión principal para la promoción de la salud.,"Promoción de la salud en contextos socioculturales, acción - reflexión - acción.",Características psicoevolutivas en educación para la salud entendida como un objetivo de vida.,Promoción de la salud desconociendo prácticas de su entorno social.,,B,si
A-026,Cuestionario EFI-CACES,"Madre soltera llama al 911 con extrema angustia, su hijo de 5 años ha caído accidentalmente desde una azotea, rápidamente, los servicios de emergencia acuden al lugar y trasladan al niño al hospital; el médico informa a la madre que su hijo no sobrevivió a la caída. ¿Cuál es la primera fase del duelo por la que atraviesa la madre al recibir esta noticia?",Ira.,Negociación.,Negación.,Depresión.,,C,si
A-027,Cuestionario EFI-CACES,"Un paciente de 72 años, hospitalizado en el servicio de clínica por diagnóstico médico de neumonía, es atendido por la enfermera de turno. El paciente refiere cefalea de moderada intensidad. Al informarle al médico prescribe administrar analgésicos, la enfermera procede inmediatamente y además proporciona las medidas de relajación que minimizan su molestia. Aplicando el pensamiento crítico, ¿A qué etapa del proceso de enfermería corresponde este caso?",Evaluar.,Diagnosticar.,Planificar.,Implementar.,,D,si
A-028,Cuestionario EFI-CACES,"Paciente de 35 años ingresa a urgencias tras un accidente de tránsito. En la valoración inicial, el personal de enfermería registra: apertura ocular al dolor, emisión de palabras inapropiadas y flexión de las extremidades. De acuerdo con la Escala de Coma de Glasgow, ¿Cuál es la puntuación total que alcanza el paciente?",Glasgow 12/15.,Glasgow 8/15.,Glasgow 10/15.,Glasgow 9/15.,,B,si
A-029,Cuestionario EFI-CACES,"El cáncer de cuello uterino se clasifica en diferentes estadios clínicos para su manejo, por tanto una mujer que presenta un tumor que se ha extendido a la pared de la pelvis, al examen rectal no hay espacio libre de cáncer entre el tumor y la pared de la pelvis. ¿A qué estadio clínico corresponde?",Estadio III A.,Estadio IV B.,Estadio III B.,Estadio IV A.,,C,si
A-030,Cuestionario EFI-CACES,Un neonato con antecedentes de prematurez moderada llega al servicio de emergencias de la maternidad en brazos de su madre. Es valorado por el profesional de enfermería quien observa letargia y cianosis distal leve; procede a colocarlo en la incubadora conectado al sensor de temperatura de piel donde se aprecia un valor de 35.3° C. ¿En qué clasificación de temperatura se encuentra el neonato?,Hipotermia grave.,Hipotermia leve.,Normotermia.,Hipotermia moderada.,,D,si
A-031,Cuestionario EFI-CACES,"En la unidad de cuidados intensivos el personal de enfermería realiza de forma rutinaria la desinfección con glutaraldehído al 2% de todos los equipos utilizados en la intubación del paciente como las láminas del laringoscopio, este procedimiento es realizado durante 20 minutos. De acuerdo con el caso, ¿Qué nivel de desinfección se está aplicando?",Desinfección de bajo nivel.,Desinfección de nivel mínimo.,Desinfección de alto nivel.,Desinfección de nivel intermedio.,,C,si
A-032,Cuestionario EFI-CACES,"Paciente femenina de 50 años se encuentra hospitalizada por laparotomía exploratoria, presenta herida quirúrgica cubierta con apósito manchado de líquido purulento y de mal olor. A la valoración la herida presenta eritema, rubor y calor local. El profesional enfermero procede a retirar el apósito. ¿Cuál es la clasificación correcta del desecho generado?",Desecho biológico - infeccioso.,Desecho corto - punzante.,Desecho anatomopatológico.,Desecho común.,,A,si
A-033,Cuestionario EFI-CACES,"Un paciente de 25 años hospitalizado en el servicio de cirugía general sufre una caída de su propia altura con pérdida de conciencia al movilizarse al baño; se realiza valoración primaria de ABC (vía aérea, respiración y circulación) obteniendo que el paciente no respira y no se palpa el pulso carotídeo, por lo cual se activa el código correspondiente y se inicia protocolo de Reanimación Cardio Pulmonar, para tal efecto llegan dos profesionales de salud para apoyar. Como parte del equipo de respuesta se empieza a dar compresiones. ¿Cuál es la profundidad de la compresión en este paciente para que sea considerada de calidad?",1/2 del diámetro anteroposterior del tórax.,1.5 a 2 pulgadas (4 a 5 centímetros).,0.5 a 1 pulgada (1.27 a 2.54 centímetros).,1/3 del diámetro anteroposterior del tórax.,,B,si
A-034,Cuestionario EFI-CACES,"Usted se encuentra atendiendo a un paciente de 70 años diagnosticado con un cáncer avanzado. El paciente ha expresado su deseo de no recibir más tratamientos agresivos y en su lugar, prefiere recibir cuidados paliativos para mejorar su calidad de vida en sus últimos días. Sin embargo, la familia del paciente insiste en que se sigan intentando tratamientos experimentales, ya que no quieren aceptar la decisión del paciente. ¿Cuál es el principal principio bioético que se está vulnerando en este caso?",Beneficencia.,Justicia.,Autonomía.,No maleficencia.,,C,si
A-035,Cuestionario EFI-CACES,"Durante la entrega recepción de la guardia de enfermería, se reciben los equipos adquiridos por la institución de salud para la atención en la sala de labor de parto, con el fin de desarrollar actividades basadas en la confidencialidad y confianza entre pacientes, profesionales y personal de salud. Además, se realizará una capacitación continua para su uso y aplicación correcta. ¿A qué principio transversal de la seguridad del paciente- usuario corresponde principalmente este mecionar de la institución de salud?",Impacto.,Alianza con el paciente y su familia.,Atención centrada en la persona.,Cultura de seguridad.,,D,si
A-036,Cuestionario EFI-CACES,"Mujer de 23 años primípara permanece en la sala de partos en conjunto con su recién nacido masculino a término. Durante el parto no se presentan complicaciones ni riesgos, la mujer solicita información sobre cuándo debe iniciar la lactancia materna. ¿Qué información le ofrece?",Lactancia materna una hora después del nacimiento.,Lactancia materna dentro de la primera hora luego del nacimiento.,Lactancia materna cuando pase a hospitalización.,Lactancia materna cuando pase a recuperación.,,B,si
A-037,Cuestionario EFI-CACES,"Paciente con antecedentes de lupus, expresa durante la visita domiciliaria que se siente preocupada porque no puede atender adecuadamente a su familia debido a su estado de salud, menciona su inquietud por el bienestar de sus hijas adolescentes de un compromiso anterior y un niño de 8 años fruto de su nuevo compromiso. Basado en este hallazgo, ¿Qué forma de familia se describe en el caso planteado?",Familia monoparental.,Familia nuclear.,Familia mixta.,Familia alternativa.,,C,si
A-038,Cuestionario EFI-CACES,"En la comunidad rural donde usted labora se ha identificado un aumento en la incidencia de enfermedades crónicas no transmisibles, como Diabetes tipo II e Hipertensión. La población está compuesta principalmente por adultos mayores y familias de bajos recursos. Procede a desarrollar un plan de intervención para mejorar la salud de esta comunidad. Entre las actividades se incluyen la educación para la salud, programas de ejercicio comunitario, campañas de prevención, creación de huertos comunitarios y grupos de apoyo. ¿Cuál de las siguientes actividades del equipo de atención primaria se está aplicando en este caso?",Promoción de la salud.,Rehabilitación y reinserción social.,Atención familiar.,Asistencia sanitaria.,,A,si
A-039,Cuestionario EFI-CACES,"El hospital está experimentando una escasez recurrente de materiales críticos en el quirófano, lo que ha provocado retrasos en las cirugías programadas y ha afectado la calidad de la atención. El líder de enfermería del servicio se ha reunido con el equipo directivo para discutir un plan de mejora en la gestión de estos recursos esenciales. ¿Cuál es la estrategia más adecuada para evitar este problema en el hospital?",Dejar que cada departamento gestione sus propios inventarios de forma independiente.,Mantener grandes reservas de materiales para evitar faltantes.,Comprar materiales en grandes cantidades una vez al año.,Implementar un sistema de gestión de inventarios a tiempo.,,D,si
A-040,Cuestionario EFI-CACES,"Profesional de enfermería del Centro de Salud es responsable del área de inmunizaciones, ha discutido con una colega y se ha generado un conflicto, ella trata de solucionarlo y recurre a la Coordinadora de Enfermería del Centro para que facilite la comunicación y se encuentre una solución satisfactoria al conflicto. ¿Cómo se denomina este método?",Conciliación.,Mediación.,Arbitraje.,Negociación.,,B,si
A-041,Cuestionario EFI-CACES,"Un paciente de 55 años con diagnóstico de hipertensión arterial, acude a la consulta externa para control. A la valoración de enfermería se constata los siguientes parámetros vitales: presión arterial 160/100 mmHg, frecuencia cardiaca 82 por minuto, frecuencia respiratoria 18 por minuto, temperatura 36.8 °C, saturación de oxígeno 90 %, IMC 24. El paciente refiere dolor de cabeza, mareo y visión borrosa, también informa que a veces olvida tomar la medicación, y se encuentra temeroso por su condición de salud. ¿Qué intervención de enfermería es prioritaria en este caso?",Administrar analgésicos prescritos.,Promover el cumplimiento del esquema terapéutico.,Controlar la ansiedad del paciente.,Realizar un plan de control y registro de peso corporal.,,B,si
A-042,Cuestionario EFI-CACES,"Un grupo específico de personas, viven en una parroquia rural, comparten la misma cultura, valores y normas. Al momento están organizadas en una estructura social por cabildo. En la valoración se detecta la necesidad de reorientar los servicios de salud hacia la comunidad. ¿Cuál de los siguientes enunciados define el concepto de comunidad cerrada?",Una comunidad que se enfoca principalmente en el desarrollo económico y la generación de empleo.,Una comunidad que tiene fronteras geográficas claramente definidas y limita el acceso a personas externas.,Una comunidad que se caracteriza por tener una diversidad cultural y étnica muy marcada.,Una comunidad que promueve la participación activa de sus miembros en actividades sociales y culturales.,,B,si
A-043,Cuestionario EFI-CACES,"Mujer primigesta de 46 años, gestante de 20 semanas que acude a centro de salud refiere, malestar general acompañado de cefalea, cambios de la visión, náusea que llega al vómito, edema de manos y miembros inferiores, oliguria, es valorada por profesional de enfermería quien realiza valoración de Score MAMÁ y una entrevista minuciosa. ¿Cuál es un factor de riesgo alto para preeclampsia?",Infección de vías urinarias.,Enfermedad renal crónica.,Enfermedad periodontal.,Primer embarazo.,,B,si
A-044,Cuestionario EFI-CACES,"Una paciente de 28 años es atendida en el servicio de urgencias con un diagnóstico médico de hemotórax. Presenta dolor torácico, dificultad respiratoria, tiraje intercostal, taquicardia y disminución de la expansión del hemitórax izquierdo, llanto fácil y temor. ¿Cuál es el diagnóstico de enfermería prioritario para esta paciente?",Dolor agudo relacionado con agentes lesivos.,Ansiedad relacionada con factores estresores.,Deterioro de la ventilación espontánea relacionado con la fatiga de los músculos respiratorios.,Riesgo de infección relacionado con el deterioro de la integridad cutánea.,,C,si
A-045,Cuestionario EFI-CACES,"Como profesional de enfermería, está realizando un estudio para conocer el comportamiento del consumo de alcohol en un grupo de adolescentes, la información será recolectada en un momento específico. Al ser un problema nuevo y poco conocido en la comunidad, con los resultados de este estudio se ejecutarán programas de promoción y prevención de salud. ¿Qué tipo de diseño es pertinente para este estudio?",Diseño transversal descriptivo.,Diseño transversal exploratorio.,Diseño longitudinal de tendencia.,Diseño transversal correlacional-causal.,,B,si
A-046,Cuestionario EFI-CACES,"Un paciente de 54 años ingresa al hospital con dificultad para respirar. Durante la valoración de enfermería se observa al paciente intranquilo, temperatura: 37.5 °C, presión arterial: 80/60 mmHg, frecuencia cardiaca 120 lpm, frecuencia respiratoria 20 rpm y oximetría 80%. Según la valoración de enfermería, ¿Cuál es el signo prioritario para una intervención inmediata?",Hipotensión arterial.,Temperatura.,Oximetría.,Frecuencia cardiaca.,,C,si
A-047,Cuestionario EFI-CACES,"Paciente femenina de 17 años acude a consulta externa refiriendo un retraso de 3 semanas en su ciclo menstrual, además menciona que tras realizarse una prueba urinaria de embarazo doméstica ésta salió positiva. Al interrogatorio menciona prácticas sexuales sin protección. ¿Qué datos complementarios ayudarían a confirmar el embarazo?","Cambios en el aparato reproductor inferior, signo de Chadwick.",El aumento de la pigmentación y la aparición de estrías abdominales.,Fecha de última menstruación y tiempo de amenorrea.,La detección de B-HCG en sangre y la ecografía transvaginal.,,D,si
A-048,Cuestionario EFI-CACES,"Paciente masculino de 70 años, hospitalizado con diagnóstico de apendicitis, antecedentes de hipertensión arterial diagnosticada hace 5 años con tratamiento farmacológico. Al momento se encuentra desorientado, inquieto, poco colaborador, presenta cifras de presión arterial elevadas por lo que se le administra antihipertensivos vía venosa. Tiene dificultad para movilizarse solo, por lo que requiere asistencia y cuidados, mientras se transporta al quirófano sufre una caída. ¿Cuál es el tipo de evento adverso con el que está relacionado el caso?",Con infecciones hospitalarias.,Con los cuidados.,Con la medicación.,Con procedimientos.,,B,si
A-049,Cuestionario EFI-CACES,"En la unidad operativa del primer nivel de atención, se ha planificado la ejecución de la campaña de salud ""Como cuidar tu corazón"", cada miembro del equipo de salud tiene asignada una actividad. ¿Cuáles son los roles que le corresponden al profesional de enfermería?","Informativo, detección y erradicación.",Fomento de la salud y prevención de enfermedades y accidentes.,Asesoramiento individual.,"Educador, apoyo, refuerzo e identificar grupos de riesgo.",,D,si
A-050,Cuestionario EFI-CACES,"Paciente masculino de 27 años que ingresa al servicio de emergencia por presentar estatus convulsivo y edema en miembros superiores, se decide colocar sonda vesical para control de ingesta y eliminación estricto; al momento de inflar el balón el paciente se queja de dolor severo y se evidencia salida de sangre en orina. ¿Cuál es la estructura que se lesionó durante el procedimiento?",Uréteres.,Próstata.,Vejiga.,Uretra.,,D,si
A-051,Cuestionario EFI-CACES,"En un estudio de investigación en enfermería, sobre la percepción de calidad de vida en pacientes con enfermedades crónicas. ¿Cuál de las siguientes opciones describe correctamente el alcance exploratorio de la investigación?",Evaluar la efectividad de un programa de intervención en la calidad de vida de los pacientes con enfermedades crónicas.,Comparar la calidad de vida de los pacientes con enfermedades crónicas antes y después de recibir un tratamiento específico.,Identificar los factores que influyen en la calidad de vida de los pacientes con enfermedades crónicas.,Establecer la relación entre la calidad de vida y el cumplimiento del tratamiento en pacientes con enfermedades crónicas.,,C,si
A-052,Cuestionario EFI-CACES,"Recién nacido de 15 días de vida es llevado por su madre al Centro de Salud, refiere que el parto fue en casa en el sector rural y desea que le apliquen las vacunas que le corresponde. En la valoración el recién nacido se encuentra en condiciones normales. ¿Cuál es el esquema de vacunación que corresponde en este caso?",Indicar a la madre que debe iniciar el esquema a los 2 meses de edad.,Administrar la vacuna BCG y continuar el esquema en 2 meses.,Administrar las vacunas BCG y Hepatitis B cero.,Administrar la vacuna Hepatitis B cero.,,B,si
A-053,Cuestionario EFI-CACES,Una gestante de 34 años acude por su cuarto control prenatal. A la valoración de enfermería se determinan 28 semanas de gestación y riesgo de parto prematuro que conlleva a que el recién nacido presente enfermedad de membrana hialina. ¿Qué acción profiláctica se debe aplicar?,Administración de betametasona.,Aplicación de fludrocortisona.,Iniciar aplicación de labetalol.,Administrar gluconato de calcio.,,A,si
A-054,Cuestionario EFI-CACES,"Paciente de 75 años ingresa en el hospital con signos y síntomas de insuficiencia cardíaca congestiva (ICC). Presenta disnea, edema en miembros inferiores +/++++, ortopnea y fatiga. Según hallazgo radiológico se encuentra que el paciente tiene una cardiomegalia y un BNP (péptido natriurético cerebral) de 50 picogramos por mililitro. ¿Cuál de las siguientes intervenciones de enfermería es principal para este paciente?",Monitorizar los niveles de potasio sérico.,Enseñar al paciente sobre la restricción de sodio en la dieta.,Colocar al paciente en posición semifowler.,Administrar furosemida intravenosa.,,C,si
A-055,Cuestionario EFI-CACES,"Paciente de 19 años acude por primera vez al centro de salud en la semana 28 de su primer embarazo. No ha recibido controles prenatales por parte del sistema de salud pública. Durante la valoración se detectan signos compatibles con anemia; así como, cifras de presión arterial ligeramente elevada (TA 140/90 mmHg). Se inicia control prenatal, tratamiento para la hipertensión gestacional y anemia, se establece un plan de seguimiento con visitas domiciliarias periódicas. ¿A cuál de las metas del objetivo 1 del Plan Nacional de Desarrollo se contribuye con la realización de estas intervenciones sanitarias?",Reducir la prevalencia de Desnutrición Crónica Infantil en menores de dos años.,Reducir la tasa específica de nacimientos en mujeres adolescentes de 15 a 19 años.,Reducir la razón de mortalidad materna.,Reducir el gasto de bolsillo en salud como porcentaje del gasto total en salud.,,C,si
A-056,Cuestionario EFI-CACES,"En una comunidad donde labora un profesional de enfermería, se atiende a una familia con serios conflictos entre la abuela y la nieta, pues con cierta frecuencia la abuela no respeta la opinión de su nieta en temas de su matrimonio y cada vez que la abuela expresa lo que piensa recibe una grosería. ¿A qué enfoque de violencia se refiere este caso?",Enfoque de Interculturalidad,Enfoque Intergeneracional,Enfoque de Inclusión social,Enfoque de género en salud,,B,si
A-057,Cuestionario EFI-CACES,"Un paciente de 35 años hospitalizado por presentar tos persistente, fiebre, pérdida de peso y debilidad generalizada. Al realizar la evaluación física, el profesional de enfermería nota la presencia de crepitantes en la auscultación pulmonar. El médico después de realizar una radiografía de tórax y la valoración clínica confirma la presencia de tuberculosis pulmonar. ¿Cuál de las siguientes intervenciones de enfermería es la más apropiada en este paciente?",Preparar al paciente para la prueba de tuberculina y confirmar el diagnóstico antes de iniciar el tratamiento.,Iniciar el tratamiento antituberculoso bajo prescripción médica y educar al paciente sobre la importancia de la adherencia al tratamiento.,Derivar al paciente a un especialista en enfermedades respiratorias antes de iniciar el tratamiento para evitar complicaciones.,Administrar un antipirético parenteral y aplicar medios físicos para reducir la fiebre que presenta el paciente.,,B,si
A-058,Cuestionario EFI-CACES,"Niño de 3 años presenta quemadura con agua caliente, con un porcentaje del 3% de superficie corporal, presenta las siguientes características: eritema, dolor y no hay flictenas. ¿Cómo se clasifica la quemadura según la profundidad en este caso?",Tercer grado.,Segundo grado profunda.,Primer grado.,Segundo grado superficial.,,C,si
A-059,Cuestionario EFI-CACES,"En la visita domiciliaria, en el llenado de la ficha familiar para actualización del ASIS, el profesional enfermero encuentra que el jefe de hogar es un hombre de 42 años, desempleado desde hace un año, por lo que se refugia en el alcohol desde hace 5 meses. Su esposa de 37 años manifiesta que ella sale a trabajar y deja a su esposo al cuidado de sus hijos de 8, 5 y 3 años; actualmente los niños están descuidados en su vestido, higiene, alimentación, generando problemas dentro del hogar. ¿Qué determinantes de la salud constituyen factores de riesgo en este caso?",Ambientales y sociales.,Ambientales y biológicos.,Conductuales y ambientales.,Conductuales y sociales.,,D,si
A-060,Cuestionario EFI-CACES,"Paciente masculino de 55 años ingresa a la sala de operaciones para resolución quirúrgica de urgencia por litiasis renal. A la valoración el paciente refiere Diabetes mellitus tipo II e Hipertensión arterial controlada. El personal de enfermería circulante verifica los datos de la historia clínica, exámenes de laboratorio, placa de Rx, tipo de anestesia que recibirá y confirma el riesgo que presenta por sus patologías. ¿Cuál es la escala que se debe usar con este paciente para clasificar su riesgo quirúrgico?",Escala de Ramsay.,Escala de Bromage.,Escala de ASA.,Escala de Aldrete.,,C,si
A-061,Cuestionario EFI-CACES,"Niña de 4 años acude a centro de salud para control, luego de valoración antropométrica, determina que el peso para la talla está por debajo de menos 3 de la desviación estándar. ¿Qué problemas de crecimiento presenta la niña?",Desnutrición aguda severa.,Desnutrición crónica severa.,Desnutrición aguda moderada.,Desnutrición crónica o talla baja.,,A,si
A-062,Cuestionario EFI-CACES,"Paciente femenina asintomática de 23 años acude al centro de salud después de 3 meses de mantener relaciones [sin] protección, por lo cual se le realiza un test de Micro Elisa, en donde se evidencia la presencia de anticuerpos [contra el virus de] inmunodeficiencia humana VIH. ¿Cómo se interpreta el resultado del examen?",La paciente ha sido infectada por el virus de inmunodeficiencia humana.,La paciente ha desarrollado resistencia adquirida.,La paciente ha desarrollado inmunidad contra el virus de inmunodeficiencia humana.,La paciente está inmunocomprometida por la presencia del SIDA.,,A,si
A-063,Cuestionario EFI-CACES,"Paciente femenina de 86 años, diabética, hipertensa, con obesidad grado I, presenta en región sacra úlcera por presión grado II, se realiza la visita domiciliaria y al ingresar a la habitación percibe olor desagradable, los muebles de la habitación están sucios, la ropa de cama y de la paciente están manchados con residuos de orina y heces fecales, por lo que se conversa con la familia y los instruye sobre la importancia de mantener hábitos higiénicos adecuados, la limpieza corporal y del entorno, la importancia de la luz y la ventilación de la habitación, que influyen en la recuperación de la paciente y evita complicaciones. ¿En referencia a este caso, quién es la autora de la Teoría?",Jean Watson.,Betty Neuman.,Florence Nightingale.,Hildegard Peplau.,,C,si
A-064,Cuestionario EFI-CACES,"Paciente de 45 años, permanece hospitalizado por varias semanas en el servicio de terapia intensiva por un accidente de tránsito. Durante su turno el paciente le comenta que se encuentra triste por la situación económica de su familia, esposa y dos hijas adolescentes, ya que es el único sustento familiar. De acuerdo con el caso, ¿Qué tipo de crisis experimenta la familia?",Crisis normativa.,Crisis de cuidado.,Crisis paranormativa.,Falta de apoyo familiar.,,C,si
A-065,Cuestionario EFI-CACES,"Paciente varón de 45 años ingresa al hospital con diagnóstico de neumonía adquirida en la comunidad. Durante la valoración inicial, el profesional de enfermería identifica que el paciente tiene una frecuencia respiratoria de 32 por minuto, temperatura de 38.5 °C, utiliza músculos accesorios para respirar y presenta tos productiva. Además, presenta debilidad generalizada y se encuentra desnutrido. Como parte del proceso de enfermería, ¿cuál es la etiqueta NANDA para estructurar el diagnóstico de enfermería prioritario para este paciente?",Riesgo de déficit de volumen de líquidos.,Patrón respiratorio ineficaz.,Riesgo de hipertermia.,Deterioro de la movilidad física.,,B,si
A-066,Cuestionario EFI-CACES,"Paciente de 78 años hospitalizado, en espera de cirugía por pterigium. Al momento presenta limitación funcional y necesita asistencia para realizar actividades básicas de la vida diaria. Constantes vitales dentro de parámetros normales, IMC 19. De acuerdo con el modelo de enfermería de Virginia Henderson, ¿cuál es la intervención más adecuada?",Coordinar la programación de cirugía.,Proporcionar una dieta equilibrada y nutritiva.,Ayudar a la paciente a movilizarse.,Proporcionar analgésicos para controlar el dolor.,,C,si
A-067,Cuestionario EFI-CACES,"Un paciente ingresa a una sala de emergencias con una herida abierta en el antebrazo, causada por un objeto cortante. El médico decide realizar una sutura para cerrar la herida. ¿Cuál de las siguientes acciones es la más adecuada para garantizar la asepsia en este acto?",Lavar el antebrazo con agua y jabón antes de la sutura.,Utilizar guantes de manejo durante el procedimiento de sutura.,Aplicar solución antiséptica directamente sobre la herida y suturar.,Utilizar guantes estériles durante el procedimiento de sutura.,,D,si
A-068,Cuestionario EFI-CACES,"Como profesional de enfermería ha sido designado para esterilizar varios paquetes de ropa quirúrgica en un hospital, tomando en cuenta las recomendaciones de la Norma de Bioseguridad para Establecimientos de Salud del Ministerio de Salud Pública del Ecuador. ¿Cuál de los siguientes métodos de esterilización es el adecuado en este caso?",Esterilización por óxido de etileno.,Esterilización por calor húmedo.,Esterilización por peróxido de hidrógeno.,Esterilización por calor seco.,,B,si
A-069,Cuestionario EFI-CACES,"Paciente de 60 años con antecedentes de cáncer de próstata, para su tratamiento el médico indica intervención quirúrgica. Durante la visita médica el equipo de salud explica sobre el procedimiento al paciente, pero el paciente no desea iniciarlo. ¿Qué pilar de la bioética está implicado en este caso?",Autonomía.,No maleficencia.,Justicia.,Beneficencia.,,A,si
A-070,Cuestionario EFI-CACES,"Un paciente de 60 años ha sido ingresado en el hospital tras sufrir un esguince de tobillo severo mientras jugaba al fútbol. A pesar de recibir analgésicos, sigue experimentando dolor intenso e inflamación en el tobillo. El profesional de enfermería decide implementar terapias no farmacológicas para ayudar a manejar su dolor. ¿Qué medida prioritaria utiliza en este caso?",Utilizar técnicas clínicas de meditación.,Aplicar compresas frías en la zona afectada.,Realizar ejercicios de respiración profunda y relajación.,Aplicar masajes suaves en la zona afectada.,,B,si
A-071,Cuestionario EFI-CACES,"Un paciente masculino de 67 años es ingresado en el servicio de cardiología, con diagnóstico médico de fibrilación auricular tratado con warfarina. Durante la noche deambula para ir al baño y se resbala sin sufrir ningún daño perceptible. ¿Cómo se denomina a este evento relacionado con la seguridad del paciente?",Evento adverso leve.,Cuasi evento.,Evento centinela.,Evento adverso.,,B,si
A-072,Cuestionario EFI-CACES,"Un profesional de enfermería ha terminado de realizar el aseo de un paciente fallecido debido a un infarto agudo de miocardio por arritmia maligna, ha retirado los catéteres, ocluido los orificios naturales y ha colocado el cuerpo en decúbito supino con ligera elevación de la cabeza sobre una almohada. ¿Por qué se coloca el cuerpo en esa posición?",Para disminuir la lividez cadavérica en el rostro.,Para evitar el drenaje sanguíneo de la cara.,Para retrasar la aparición del enfriamiento cadavérico.,Para impedir la aparición de la rigidez cadavérica.,,A,si
A-073,Cuestionario EFI-CACES,"Un lactante de 8 meses es ingresado al servicio de pediatría. Durante la valoración de enfermería, usted observa que el paciente presenta dificultad respiratoria evidente, cianosis peribucal, tos persistente y la presencia de abundantes secreciones en la vía aérea. A la auscultación, se perciben sonidos crepitantes en ambos campos pulmonares. Al realizar el razonamiento clínico para priorizar los problemas del paciente basándose en la taxonomía NANDA-I, usted identifica el diagnóstico de ""Limpieza ineficaz de la vía aérea"". ¿A qué dominio de la taxonomía NANDA-I corresponde el diagnóstico identificado para este paciente?",Dominio Actividad / Reposo,Dominio Principios Vitales,Dominio Seguridad / Protección,Dominio Confort,,C,si
A-074,Cuestionario EFI-CACES,"Durante la revisión mensual de las soluciones intravenosas en el coche de paro y en la bodega de una unidad de hospitalización, el personal de enfermería identifica varios frascos de cloruro de sodio al 0.9%, lactato de ringer y dextrosa en agua al 5% que han cumplido su fecha de caducidad. De acuerdo con el manual de gestión interna de residuos y desechos generados en establecimientos de salud del MSP, ¿en qué categoría deben ser clasificados estos medicamentos para su correcto acopio y transferencia diferenciada?",Desechos comunes.,Deschos farmacéuticos peligrosos.,Desechos farmacéuticos no peligrosos.,Desechos químicos peligrosos,,C,si
A-075,Cuestionario EFI-CACES,"De acuerdo con el Manual de Bioseguridad para los establecimientos de salud del MSP, los dispositivos médicos se clasifican según el riesgo de infección que representa su uso. Aquellos artículos que ingresan directamente a cavidades o tejidos estériles, incluyendo el sistema vascular, se denominan ""artículos críticos"" debido al alto riesgo de infección que conllevan si están contaminados con cualquier microorganismo, por lo que deben ser siempre estériles. ¿Cuál de los siguientes grupos de insumos corresponde a esta categoría?","Equipos de asistencia respiratoria, anestesia y equipos endoscópicos.","Instrumental quirúrgico, sondas cardiacas, catéteres y prótesis.","Esfigmomanómetros, estetoscopios, sábanas y superficies de camas.","Mascarillas de oxígeno, laringoscopios y depresores linguales.",,B,si
A-076,Cuestionario EFI-CACES,"Madre acude al centro de salud con su recién nacido masculino de 15 días de vida para el tamizaje metabólico neonatal. Al momento, recién nacido con signos vitales normales. ¿Qué consideración es correcta en la toma de la muestra?",Puncionar en la parte central del talón.,Limpiar el área del talón con gasa impregnada en alcohol antiséptico.,Puncionar en una de las partes laterales del talón.,Friccionar el sitio de punción antes de la toma de la muestra.,,C,si
A-077,Cuestionario EFI-CACES,"Usuario pediátrico con trastorno de despigmentación macular asociado a destrucción de melanocitos se encuentra hospitalizado acompañado de su madre. A la valoración se aprecian patrones de máculas y manchas blancas notablemente simétricos, con bordes ligeramente hiperpigmentados. ¿Qué cuidado de enfermería se debe considerar para evitar complicaciones?",Recomendar terapia con psoraleno y radiación UV.,Sugerir que se evite el contacto con rayos solares.,Sugerir que no se empleen tópicos de esteroides.,Recomendar tratamiento UVB de banda amplia.,,B,si
A-078,Cuestionario EFI-CACES,"Paciente de 30 años que se encuentra en el postparto inmediato. A la valoración de enfermería presenta letargo, palidez, piel fría, diaforética, llenado capilar mayor a 3 segundos, frecuencia cardíaca de 130 latidos por minuto y presión arterial de 65/40 milímetros de mercurio. De acuerdo con el caso planteado, ¿cuál es el grado de shock hipovolémico que presenta la paciente?",Moderado.,Leve.,Severo.,Compensado,,C,si
A-079,Cuestionario EFI-CACES,"Al centro de salud acude una madre con su hija de 6 meses para el control de rutina de su niña (crecimiento y desarrollo), peso 7120 gramos y talla de 66 centímetros, el personal de enfermería solicita la libreta integral de salud para el registro en las curvas correspondientes de peso y talla, determinando que la paciente se encuentra en percentil cero (0). ¿Cómo se interpreta el percentil obtenido?",Peso y talla muy altos para la edad.,Peso y talla normales para la edad.,Peso y talla altos para la edad.,Peso y talla bajos para la edad.,,B,si
A-080,Cuestionario EFI-CACES,"Mujer de 52 años, acude al centro de salud porque refiere sofocos frecuentes, insomnio y cambios de humor, comenta que su última menstruación fue hace más de un año, no tiene antecedentes patológicos relevantes y no está tomando ningún tratamiento hormonal. Expresa su preocupación por su salud ósea ya que su madre tuvo fractura de cadera por osteoporosis. De acuerdo con el caso, ¿Cuál es la intervención de enfermería más adecuada?",Indicar que los síntomas son normales y que no requiere atención específica.,Sugerir el uso de suplementos herbales sin necesidad de consulta médica.,"Educar sobre cambios fisiológicos y promover hábitos saludables, dieta rica en calcio y vitamina D.",Recomendar el inicio inmediato de terapia hormonal sustitutiva para aliviar los síntomas.,,C,si
A-081,Cuestionario EFI-CACES,Paciente de 15 años acude a consulta externa. A la valoración por parte del profesional de enfermería la paciente refiere que piensa que está embarazada y se encuentra preocupada de que ahora pueda tener una infección de transmisión sexual (ITS). La prueba de embarazo es negativa. ¿Cuál es la prioridad de atención por parte del profesional de enfermería?,Contactar a sus padres y notificar la necesidad de anticonceptivos.,Asesoría sobre prácticas de sexo seguro.,Derivar a la paciente al profesional de especialidad.,Solicitar una prueba de ITS a la pareja de la paciente.,,B,si
A-082,Cuestionario EFI-CACES,"Recién nacido de 3 días de vida, con antecedentes de asfixia perinatal, presenta un paro cardiorrespiratorio en la unidad neonatal. El equipo inicia maniobras de reanimación. Tras 30 segundos de ventilación efectiva y compresiones torácicas, la frecuencia cardiaca sigue por debajo de 60 latidos por minuto. De acuerdo con la situación clínica descrita y las guías de reanimación, ¿Cuál es el medicamento que debe preparar para su administración inmediata?",Dopamina.,Adrenalina.,Dexametasona.,Aminofilina.,,B,si
A-083,Cuestionario EFI-CACES,"Paciente masculino de 4 años ingresa a emergencia por dificultad para respirar, madre refiere que el niño se encuentra agitado y con mucha tos seca, al examen físico se evidencia taquipnea, taquicardia y SO2 de 85 %. la PaO2 es de 40 mmHg. ¿Qué intervención es la más adecuada en ese momento?",Aspiración de secreciones.,Administración de oxígeno.,Fisioterapia torácica.,Lavado nasal.,,B,si
A-084,Cuestionario EFI-CACES,"Un profesional de enfermería realiza el control de crecimiento y desarrollo a un lactante de 18 meses en un centro de salud. Al evaluar el estado nutricional utilizando las curvas de crecimiento del Manual AIEPI, se identifica que el indicador de Peso para la Longitud se encuentra por debajo de la línea de -3 desviaciones estándar. Según la normativa vigente del Ministerio de Salud Pública del Ecuador, ¿cuál es la clasificación diagnóstica del estado nutricional para este caso?",Desnutrición aguda moderada,Desnutrición aguda severa,Desnutrición crónica severa,Riesgo de desnutrición aguda,,B,si
A-085,Cuestionario EFI-CACES,"Durante una visita domiciliaria, el personal de enfermería identifica un caso de presunta violencia intrafamiliar donde se ven afectadas una adulta mayor y su nieta adolescente. Al realizar el abordaje, el equipo Prioriza la atención analizando las necesidades específicas de cada una según su etapa de vida, así como los vínculos de vulnerabilidad y apoyo mutuo que existen entre ambas generaciones. De acuerdo con la Norma Técnica del MSP, ¿cuál es el enfoque de derechos que orienta el reconocimiento de la protección integral, las interrelaciones y las necesidades existentes en las diferentes edades de este núcleo familiar?",Enfoque de inclusión social.,Enfoque intergeneracional.,Enfoque de equidad de género.,Enfoque de interculturalidad.,,B,si
A-086,Cuestionario EFI-CACES,"Una paciente acude al servicio de emergencias con una historia clínica recurrente de atención por traumatismos. Durante el triage físico, el profesional de enfermería observa laceraciones, golpes múltiples y lesiones en el abdomen y los senos que no guardan una explicación lógica con el mecanismo de lesión referido. Al identificar estos indicios generales de sospecha de Violencia Basada en Género (VBG), la enfermera alerta inmediatamente al jefe de guardia. Conforme a la Norma Técnica del MSP, ¿cuál es el código de alerta institucional que debe activar el jefe de guardia para convocar al equipo de salud conformado para la valoración y atención inmediata de este caso?",Código mariposa.,Código plata.,Código púrpura.,Código oro.,,C,si
A-087,Cuestionario EFI-CACES,"Un lactante de 14 meses es llevado por su madre al servicio de urgencias pediátricas tras sufrir un accidente doméstico con agua caliente. Durante la valoración física, el profesional de enfermería observa una lesión localizada en la región anterior del antebrazo que compromete únicamente la capa superficial de la piel (epidermis). El área presenta una inflamación leve, eritema (enrojecimiento) pronunciado y el niño manifiesta dolor al tacto; sin embargo, no se evidencia la formación de flictenas (ampollas). Con base en los criterios clínicos del Nelson. Tratado de pediatría, ¿cómo debe clasificarse el grado de esta quemadura?",Segundo grado superficial.,Tercer grado.,Primer grado.,Segundo grado profundo.,,C,si
A-088,Cuestionario EFI-CACES,"Paciente de 50 años es rescatado de un incendio en su hogar. A la valoración de enfermería presenta quemadura de segundo grado en el 20 % de su superficie corporal total, principalmente en tronco y extremidades superiores; presenta tos con esputo carbonáceo y estridor laríngeo. ¿Cuál es la intervención de enfermería prioritaria en este paciente?",Administración de oxígeno al 100 %.,Aplicar apósitos estériles en la superficie quemada.,Administrar líquidos intravenosos.,Administrar analgésicos intravenosos para el manejo del dolor.,,A,si
A-089,Cuestionario EFI-CACES,"Un profesional de enfermería está brindando cuidados a un paciente diagnosticado de diabetes mellitus tipo 2 con sobrepeso, cuya indicación es la administración de insulina NPH —de acción intermedia— por vía subcutánea cada día; luego de limpiar la piel procede a la administración del fármaco. ¿Cuál es el principal cuidado de enfermería cuando se utiliza esta vía de administración?",No extraer las burbujas de aire de la jeringuilla.,Rotar diariamente los sitios de inyección.,Insertar la aguja en ángulo de 10-15 grados.,Aplicar el medicamento con aguja de 12 mm.,,B,si
A-090,Cuestionario EFI-CACES,"Paciente de 45 años ingresa al servicio de urgencias con diagnóstico de trauma craneoencefálico grave, con una puntuación en la escala de Glasgow de 8/15. Para su manejo se requiere intubación orotraqueal. Como profesional de enfermería, usted debe confirmar la correcta posición del tubo mediante un dispositivo que permita medir la presión parcial de CO₂ en el aire espirado. ¿Cuál es el dispositivo principal que usted utiliza en este caso?",Endotest.,Capnógrafo.,Oxímetro de pulso.,Gasómetro.,,B,si
A-091,Cuestionario EFI-CACES,Paciente con antecedentes de cáncer de mama estadio IV ingresa al servicio por terapia de dolor. El médico prescribe la administración de un medicamento que actúe como un potente agonista de los receptores opiáceos mu. ¿Cuál es el medicamento que se administra con base en el mecanismo de acción descrito?,Metamizol.,Morfina.,Ketorolaco.,Paracetamol.,,B,si
A-092,Cuestionario EFI-CACES,Un paciente de 45 años ingresa a emergencia con dolor intenso por una fractura de fémur. El médico prescribe analgesia con opioides previo a valoración. ¿Cuál es la acción más apropiada para administrar este grupo de analgésicos?,Administrar el analgésico por vía intramuscular para una acción más rápida.,Mezclar los opioides con otros medicamentos analgésicos para potenciar su efecto.,Limitar la frecuencia de administración de los opioides para evitar la dependencia.,Valoración integral del dolor antes y después de la administración de opioides.,,D,si
A-093,Cuestionario EFI-CACES,"Un paciente de 62 años se encuentra en su habitación programado para una colecistectomía electiva en una hora. Al realizar la toma de signos vitales preoperatorios, el profesional de enfermería detecta valores que se encuentran significativamente fuera de los rangos normales para el paciente. Ante este hallazgo en la valoración preoperatoria inmediata, ¿cuál es la acción prioritaria que debe realizar el enfermero?",Anticipa la necesidad de un bolo de líquido.,Administra la medicación preanestésica de inmediato.,Anticipa retrasar la cirugía.,Registra los datos y autoriza el traslado a quirófano.,,C,si
A-094,Cuestionario EFI-CACES,"Un paciente adulto mayor diagnosticado con colecistitis crónica alitiásica es programado para una intervención quirúrgica programada bajo anestesia general. Durante la valoración preoperatoria, el personal de enfermería revisa la historia clínica e identifica comorbilidades asociadas, tales como hipertensión arterial controlada y diabetes mellitus tipo 2. De acuerdo con el manual de Instrumentación Quirúrgica de Fuller, ¿cuál es la escala que se utiliza para valorar el riesgo quirúrgico y el estado físico de los pacientes que van a ser sometidos a anestesia general y que presentan comorbilidades, cuya puntuación va desde el nivel 1 hasta el nivel 6?",Escala de Ramsay.,Escala de ASA.,Escala de Glasgow.,Escala de Norton.,,B,si
A-095,Cuestionario EFI-CACES,"Un paciente adulto se encuentra ingresado en la unidad de cuidados críticos con ventilación mecánica asistida debido a un traumatismo craneoencefálico grave que cursa con riesgo de hipertensión intracraneal. Con base en los fundamentos de enfermería clínico-quirúrgica, el personal de enfermería debe implementar una intervención postural sencilla, económica y respaldada por la práctica habitual que facilite la expansión pulmonar y optimice la disminución de la presión intracraneal (PIC) manteniendo el cabecero de la cama entre 30-45°. ¿Cuál es la posición terapéutica indicada para este paciente?",Posición de Fowler.,Posición Semi-Fowler.,Posición de Trendelenburg.,Posición decúbito supino estricto.,,B,si
A-096,Cuestionario EFI-CACES,"Un paciente de 68 años con antecedentes de insuficiencia cardíaca congestiva ingresa al servicio de hospitalización presentando disnea marcada en reposo, ortopnea, taquipnea y estertores crepitantes bilaterales en las bases pulmonares debidos a la congestión. Mientras se preparan las intervenciones farmacológicas prescritas, el personal de enfermería debe ejecutar de inmediato una acción posicional prioritaria para aliviar la disnea y optimizar el estado hemodinámico del paciente. Con base en la literatura de Enfermería médico-quirúrgica de Brunner y Suddarth, ¿cuál es la intervención de enfermería inmediata que se debe realizar?",Enseñar al paciente sobre la restricción de sodio en la dieta.,Colocar al paciente en posición de Trendelenburg.,Colocar al paciente en posición semifowler.,Mantener al paciente en posición decúbito lateral izquierdo.,,C,si
A-097,Cuestionario EFI-CACES,"Un adulto mayor de etnia indígena, habla muy poco español, muy religioso y con una gran familia, incluyendo una esposa, 9 hijos y muchos nietos, tiene un historial de patologías vasculares graves, fue sometido a una colecistectomía y ha desarrollado diabetes tipo II, hipertensión arterial y EPOC. Actualmente tiene el pie frío, piel pálida y un dolor creciente; su esposa insiste a todos los miembros de la familia que le visiten. El profesional de enfermería ingresa a la unidad del paciente para la valoración y observa ciertas características culturales; la mayoría de familiares están en oración y en la mesilla junto a la cama están varios pasajes del Corán grabados, pero los familiares de otros pacientes no dejan sitio para que se sentaran. ¿Con qué modelo o teoría emprende su trabajo el profesional de enfermería?",Teoría de Hildegard E. Peplau.,Modelo de Nola Pender.,Teoría de Madeleine Leininger.,Modelo de Virginia Henderson.,,C,si
A-098,Cuestionario EFI-CACES,"Paciente con VIH, debido a complicaciones relacionadas con su estado de salud, ha sido hospitalizado en varias ocasiones en los últimos meses. Actualmente vive con su esposa y sus dos hijos adultos, con quienes manifiesta insatisfacción en la relación interpersonal, puesto que han enfrentado problemas, especialmente por la falta de adaptación, participación y apoyo en su cuidado. Con esos datos, usted evalúa la función familiar e implementa una intervención de cuidado. ¿Qué instrumento de la atención familiar utiliza como profesional de enfermería para basar su intervención?",Apgar Familiar.,Ecomapa familiar.,Genograma familiar.,Escala de reajuste social.,,A,si
A-099,Cuestionario EFI-CACES,En una comunidad se evidencia una crisis sanitaria que afecta la salud de la niñez. La profesional de enfermería identifica hábitos inadecuados en el cuidado diario de los niños. ¿Cuál es el determinante de la salud que se describe en el caso?,Ambiental.,Conductual.,Social.,Biológico.,,B,si
A-100,Cuestionario EFI-CACES,"En una comunidad de difícil acceso se presenta un elevado número de embarazadas. Los profesionales enfermeros del equipo de salud realizan una [texto poco legible] para realizar la valoración. Las madres refieren que reciben asistencia de la partera y no acuden a la unidad de salud por la distancia y falta de transporte. Al realizar la valoración, el profesional de enfermería identifica signos de peligro, falta de control integral y vacunación; además, dialogan con los actores locales, quienes demuestran interés por el problema de salud materna. ¿Qué mecanismo de referencia y contrarreferencia se determina con la participación comunitaria en el caso planteado?",Definiendo puntos de partida y llegada con las redes de vigilancia del flujo desde la comunidad a las unidades de salud y retorno a la localidad.,Promoviendo acciones para mejorar la calidad de vida en coordinación intra e intersectorial y actuando sobre los determinantes de la salud.,"Integrando las unidades de salud en los tres niveles para atención continua a los usuarios, con una red organizada y de tecnología apropiada.","Dirigiendo acciones coordinadas con enfoque intercultural, generacional y de género, que persiga la reducción, neutralización o eliminación de los factores.",,A,si
A-101,Cuestionario EFI-CACES,"Como profesional de enfermería del primer nivel de atención, se encuentra realizando una vigilancia epidemiológica por un incremento en la incidencia de enfermedades diarreicas agudas en niños menores de 5 años. Para abordar esta situación, consulta en diversas fuentes de información disponibles en el centro de salud, incluyendo la proyección de mapas epidemiológicos, gráficos de tendencias y tablas de datos. De acuerdo con el Modelo de Atención Integral de Salud, MAIS, ¿cuál es la principal herramienta que se utiliza en este caso?",Sala situacional.,Diagnóstico situacional.,Mapa parlante.,Diagnóstico dinámico.,,A,si
A-102,Cuestionario EFI-CACES,"Un paciente adulto acude a la unidad de salud con un informe de laboratorio que confirma un diagnóstico de tuberculosis pulmonar sensible mediante baciloscopia y cultivo positivos. Durante la valoración de enfermería, el paciente se muestra ansioso por la cronicidad de la enfermedad y presenta picos febriles aislados. De acuerdo con la Guía de Práctica Clínica del MSP y las prioridades de atención en el cuidado de esta patología, ¿cuál es la acción de enfermería prioritaria e inmediata que se debe ejecutar?",Administrar un antipirético parenteral y aplicar medios físicos para reducir la fiebre que presenta el paciente.,Iniciar el tratamiento antituberculoso bajo prescripción médica y educar al paciente sobre la importancia de la adherencia al tratamiento.,Aislar al paciente de forma definitiva en una habitación con presión negativa antes de cualquier otra intervención.,Solicitar una nueva muestra de esputo para repetir las pruebas biológicas antes de la toma de medicamentos.,,B,si
A-103,Cuestionario EFI-CACES,"Una enfermera comunitaria realiza el seguimiento de un grupo de familias con pacientes que padecen enfermedades crónicas complejas y discapacidades físicas severas. Para garantizar la continuidad de la atención, la profesional realiza valoraciones integrales exhaustivas, establece planes de cuidados personalizados y asume la responsabilidad de coordinar múltiples recursos y servicios dentro del sistema de salud (como citas con especialistas, entrega de medicamentos y soporte social) necesarios para el bienestar continuo de cada usuario. Con base en la literatura de Fundamentos de enfermería de Potter y Perry, ¿qué rol o competencia de la enfermería basada en la comunidad está ejerciendo principalmente en esta situación?",Defensora del paciente.,Educadora de la salud.,Gestora de casos.,Investigadora clínica.,,C,si
A-104,Cuestionario EFI-CACES,"Durante las actividades de seguimiento en el centro de salud, el profesional de enfermería recibe la alerta por parte del familiar de un usuario, quien refiere que varios vecinos de su sector presentan sintomatología febril y exantemática similar de forma repentina. De acuerdo con la Norma Técnica del Sistema Integrado de Vigilancia Epidemiológica del MSP, ¿a qué tipo de origen de información corresponde este reporte basado en la vigilancia comunitaria para la identificación de potenciales eventos que pudieran afectar a la salud pública?",Fuentes formales nacionales.,Fuentes informales.,Fuentes institucionales directas.,Fuentes formales internacionales.,,B,si
A-105,Cuestionario EFI-CACES,"Un equipo de enfermería comunitaria detecta que la percepción del bienestar en las personas con múltiples patologías crónicas concurrentes ha sido muy poco abordada en su área de salud. Deciden plantear un estudio con un alcance exploratorio según la metodología de Hernández Sampieri, cuyo objetivo sea aproximarse inicialmente a este fenómeno sin pretender establecer relaciones de causa-efecto ni medir la eficacia de intervenciones particulares. De acuerdo con este enfoque metodológico, ¿cuál de los siguientes objetivos está correctamente formulado para este tipo de estudio?",Comparar la calidad de vida de los pacientes con enfermedades crónicas antes y después de recibir un tratamiento específico.,Determinar si la adherencia al tratamiento farmacológico es la causa principal de las rehospitalizaciones en pacientes crónicos.,Evaluar la eficacia de un programa educativo de enfermería en la reducción de los síntomas de la enfermedad crónica.,Identificar los factores que influyen en la calidad de vida de los pacientes con enfermedades crónicas.,,D,si
A-106,Cuestionario EFI-CACES,"Durante la planificación de intervenciones comunitarias en un centro de salud de atención primaria, el equipo de enfermería organiza talleres dirigidos a la comunidad para promover estilos de vida saludables y prevenir complicaciones asociadas a enfermedades no transmisibles. De acuerdo con los fundamentos de enfermería de Potter y Perry sobre la educación para la salud, ¿cuál es el rol o funciones que asume el profesional de enfermería al brindar asesoramiento en salud, apoyar a otros profesionales médicos y detectar de manera oportuna a personas o familias vulnerables?",Fomento de la salud y prevención de enfermedades y accidentes.,"Educador, apoyo, refuerzo e identificar grupos de riesgo.",Administrador de recursos comunitarios y gestor del cuidado clínico.,"Investigador de campo, promotor social y evaluador epidemiológico.",,B,si
B-001,CACES Mayo 2026,"Paciente de 45 años permanece hospitalizado por varias semanas en el servicio de terapia intensiva por un accidente de tránsito. Durante su turno, el paciente le comenta que se encuentra triste por la situación económica de su familia, esposa y dos hijas adolescentes, ya que él es el único sustento familiar. De acuerdo con el caso, ¿qué tipo de crisis experimenta la familia?",Crisis normativa.,Crisis de cuidado.,Crisis paranormativa.,Falta de apoyo familiar.,,C,no
B-002,CACES Mayo 2026,"Paciente de 45 años, ingresa al servicio de urgencias con diagnóstico de trauma craneoencefálico grave con una puntuación en la escala de Glasgow 8/15. Para su manejo se requiere intubación orotraqueal. Como profesional de enfermería, usted debe confirmar la correcta posición del tubo mediante un dispositivo que permita medir la presión parcial de CO₂ en el aire espirado. ¿Cuál es el dispositivo principal que usted utiliza en este caso?",Endotest.,Capnógrafo.,Oxímetro de pulso.,Gasómetro.,,B,no
B-003,CACES Mayo 2026,Un paciente de 45 años ingresa a emergencia con dolor intenso por una fractura de fémur. El médico prescribe analgesia con opioides previo a valoración. ¿Cuál es la acción más apropiada para administrar este grupo de analgésicos?,Administrar el analgésico por vía intramuscular para una acción más rápida.,Mezclar los opioides con otros medicamentos analgésicos para potenciar su efecto.,Limitar la frecuencia de administración de los opioides para evitar la dependencia.,Valoración integral del dolor antes y después de la administración de opioides.,,D,no
B-004,CACES Mayo 2026,"Al centro de salud acude una madre con su hija de 6 meses para el control de rutina de su niña (crecimiento y desarrollo), peso 7.120 gramos y talla de 66 centímetros. El personal de enfermería solicita libreta integral de salud para el registro en las curvas correspondientes de peso y talla, determinando que la paciente se encuentra en percentil cero (0). ¿Cómo se interpreta el percentil obtenido?",Peso y talla muy altos para la edad.,Peso y talla normales para la edad.,Peso y talla altos para la edad.,Peso y talla bajos para la edad.,,B,no
B-005,CACES Mayo 2026,Usuario pediátrico con trastorno de despigmentación macular asociado a destrucción de melanocitos se encuentra hospitalizado acompañado de su madre. A la valoración se aprecia patrones de máculas y manchas blancas notablemente simétricos con bordes ligeramente hiperpigmentados. ¿Qué cuidado de enfermería se debe considerar para evitar complicaciones?,Recomendar terapia con psoraleno y radiación UV.,Sugerir que se evite el contacto con rayos solares.,Sugerir que no se empleen tópicos de esteroides.,Recomendar tratamiento UVB de banda amplia.,,B,no
B-006,CACES Mayo 2026,Un paciente ingresa a una sala de emergencias con una herida abierta en el antebrazo causada por un objeto cortante. El médico decide realizar una sutura en el lugar para cerrar la herida. ¿Cuál de las siguientes acciones es la más adecuada para garantizar la asepsia en este caso?,Lavar el antebrazo con agua y jabón antes de la sutura.,Utilizar guantes de manejo durante el procedimiento de sutura.,Aplicar solución antiséptica directamente sobre la herida y suturar.,Utilizar guantes estériles durante el procedimiento de sutura.,,D,no
B-007,CACES Mayo 2026,Madre acude al centro de salud con su recién nacido masculino de 15 días de vida para el tamizaje metabólico neonatal. Al momento recién nacido con signos vitales normales. ¿Qué consideración es correcta en la toma de la muestra?,Puncionar en la parte central del talón.,Limpiar el área del talón con gasa impregnada en alcohol antiséptico.,Puncionar en una de las partes laterales del talón.,Friccionar el sitio de punción antes de la toma de la muestra.,,C,no
B-008,CACES Mayo 2026,"Un adulto mayor de etnia indígena, habla muy poco español, muy religioso y con una gran familia, incluyendo una esposa, 9 hijos y muchos nietos, tiene un historial de patologías vasculares graves, fue sometido a una colecistectomía y ha desarrollo diabetes tipo II, hipertensión arterial y EPOC. Actualmente tiene el pie frío, piel pálida y un dolor creciente, su esposa insiste a todos los miembros de la familia que le visiten. El profesional de enfermería ingresa a la unidad del paciente para la valoración y observa ciertas características culturales, la mayoría de familiares están en oración y en la mesilla junto a la cama están varios pasajes del Corán grabados; pero los familiares de otros pacientes no dejaban sitio para que se sentaran. ¿Con qué modelo o teoría emprende su trabajo el profesional de enfermería?",Teoría de Hildegard E. Peplau.,Modelo de Nola Pender.,Teoría de Madeleine Leininger.,Modelo de Virginia Henderson.,,C,no
B-009,CACES Mayo 2026,"Un profesional de enfermería ha terminado de realizar el aseo de un paciente fallecido debido a un infarto agudo de miocardio por arritmia maligna, ha retirado los catéteres, ocluido los orificios naturales y ha colocado el cuerpo en decúbito supino con ligera elevación de la cabeza sobre una almohada. ¿Por qué se coloca el cuerpo en esa posición?",Para disminuir la lividez cadavérica en el rostro.,Para evitar el drenaje sanguíneo de la cara.,Para retrasar la aparición del enfriamiento cadavérico.,Para impedir la aparición de la rigidez cadavérica.,,A,no
B-010,CACES Mayo 2026,"Un recién nacido se encuentra hospitalizado por bajo peso al nacer. La madre refiere que durante el embarazo presentó anticuerpos IgG positivos para toxoplasmosis, lo que indica una infección pasada. El bebé se encuentra inmunizado contra la hepatitis B y está siendo alimentado exclusivamente con leche materna. ¿Cuál es la forma en la que el recién nacido desarrolló inmunidad activa?",Al recibir la vacuna contra la hepatitis B.,Al exponer al bebé al ambiente sanitario.,Al poseer anticuerpos para toxoplasmosis.,Al ser alimentado con leche materna.,,A,no
B-011,CACES Mayo 2026,"Paciente femenina de 50 años se encuentra hospitalizada por laparotomía exploratoria, presenta herida quirúrgica cubierta con apósito manchado de líquido purulento y de mal olor. A la valoración la herida presenta eritema, rubor y calor local. El profesional enfermero procede a retirar el apósito. ¿Cuál es la clasificación correcta del desecho generado?",Desecho común.,Desecho corto - punzante.,Desecho anatomopatológico.,Desecho biológico - infeccioso.,,D,no
B-012,CACES Mayo 2026,"Como profesional de enfermería ha sido designado para esterilizar varios paquetes de ropa quirúrgica en un hospital, tomando en cuenta las recomendaciones del Manual de Bioseguridad para establecimientos de salud del Ministerio de Salud Pública del Ecuador. ¿Cuál de los siguientes métodos de esterilización es el adecuado en este caso?",Esterilización por óxido de etileno.,Esterilización por calor húmedo.,Esterilización por peróxido de hidrógeno.,Esterilización por calor seco.,,B,no
B-013,CACES Mayo 2026,"Paciente de 78 años hospitalizada, en espera de cirugía por pterigium. Al momento presenta limitación funcional y necesita asistencia para realizar actividades básicas de la vida diaria. Constantes vitales dentro de parámetros normales, IMC 19. De acuerdo con el modelo de enfermería de Virginia Henderson, ¿Cuál es la intervención más adecuada?",Coordinar la programación de cirugía.,Proporcionar una dieta equilibrada y nutritiva.,Ayudar a la paciente a movilizarse.,Proporcionar analgésicos para controlar el dolor.,,C,no
B-014,CACES Mayo 2026,"En una comunidad de difícil acceso se presenta un elevado número de embarazadas, los profesionales enfermeros del equipo de salud realizan una visita para captación y valoración. Las madres refieren que reciben asistencia de la partera y no acuden a la unidad de salud por la distancia y falta de transporte. Al realizar la valoración el profesional de enfermería identifica signos de peligro, falta de control integral y vacunación; además, dialogan con los actores locales quienes demuestran interés por el problema de salud materno. ¿Qué mecanismo de referencia y contrarreferencia se determina con la participación comunitaria en el caso planteado?",Definiendo puntos de partida y llegada con las redes de vigilancia del flujo desde la comunidad a las unidades de salud y retorno a la localidad.,Promoviendo acciones para mejorar la calidad de vida en coordinación intra e intersectorial y actuando sobre los determinantes de la salud.,Integrando las unidades de salud en los tres niveles para atención continua a las usuarias con una red organizada y de tecnología apropiada.,"Dirigiendo acciones coordinadas con enfoque intercultural, generacional y de género, que persiga la reducción, neutralización o eliminación de los factores.",,A,no
B-015,CACES Mayo 2026,"Paciente varón de 45 años ingresa al hospital con diagnóstico de neumonía adquirida en la comunidad. Durante la valoración inicial, el profesional de enfermería identifica que el paciente tiene una frecuencia respiratoria de 32 por minuto, temperatura de 38.5° C, utiliza músculos accesorios para respirar y presenta tos productiva. Además, presenta debilidad generalizada y se encuentra desnutrido. Como parte del proceso de enfermería, ¿Cuál es la etiqueta NANDA para estructurar el diagnóstico de enfermería prioritario para este paciente?",Riesgo de déficit de volumen de líquidos.,Patrón respiratorio ineficaz.,Riesgo de hipertermia.,Deterioro de la movilidad física.,,B,no
B-016,CACES Mayo 2026,"Paciente de 50 años es rescatado de un incendio en su hogar. A la valoración de enfermería presenta quemaduras de segundo grado en el 20 % de su superficie corporal total, principalmente en tronco y extremidades superiores, presenta tos con esputo carbonáceo y estridor laríngeo. ¿Cuál es la intervención de enfermería prioritaria en este paciente?",Administración de oxígeno al 100%.,Aplicar apósitos estériles en la superficie quemada.,Administrar líquidos intravenosos.,Administrar analgésicos intravenosos para el manejo del dolor.,,A,no
B-017,CACES Mayo 2026,"Durante el turno en el servicio de Medicina Interna, se valora a un paciente masculino de 75 años con antecedentes de hipertensión arterial. En la valoración de enfermería se identifica anuria de 24 horas, fiebre y dolor en la fosa renal izquierda. El médico indica de manera presuntiva el diagnóstico de insuficiencia por el uso de nefrotóxicos. ¿Cuál medicamento provoca esta lesión?",Ciprofloxacina.,Claritromicina.,Cefazolina.,Gentamicina.,,D,no
B-018,CACES Mayo 2026,"El profesional de enfermería brinda cuidados a un paciente adulto hospitalizado en la Unidad de Cuidados Intensivos (UCI) que está recibiendo alimentación enteral a través de una sonda nasogástrica. Usted nota que la alimentación no está fluyendo correctamente por la sonda, se observa residuos de fármacos pulverizados en el trayecto de ésta y no logra obtener contenido gástrico mediante la aspiración por la sonda. ¿Qué complicación se describe en este caso?",Ruptura de la sonda.,Desplazamiento de la sonda.,Mala colocación de la sonda.,Obstrucción de la sonda.,,D,no
B-019,CACES Mayo 2026,"En la visita domiciliaria, en el llenado de la ficha familiar para actualización del ASIS, el profesional enfermero encuentra que el jefe de hogar es un hombre de 42 años, desempleado desde hace un año, por lo que se refugia en el alcohol desde hace 5 meses. Su esposa de 37 años manifiesta que ella sale a trabajar y deja a su esposo al cuidado de sus hijos de 8, 5 y 3 años; actualmente los niños están descuidados en su vestido, higiene, alimentación, generando problemas dentro del hogar. ¿Qué determinantes de la salud constituyen factores de riesgo en este caso?",Conductuales y ambientales.,Ambientales y biológicos.,Conductuales y sociales.,Ambientales y sociales.,,C,no
B-020,CACES Mayo 2026,"Paciente de 19 años acude por primera vez al centro de salud en la semana 28 de su primer embarazo. No ha recibido controles prenatales por parte del sistema de salud pública. Durante la valoración se detectan signos compatibles con anemia; así como, cifras de presión arterial ligeramente elevada (TA 140/90mmHg). Se inicia control prenatal, tratamiento para la hipertensión gestacional y anemia, se establece un plan de seguimiento con visitas domiciliarias periódicas. ¿A cuál de las metas del objetivo 1 del Plan Nacional de Desarrollo se contribuye con la realización de estas intervenciones sanitarias?",Reducir la razón de mortalidad materna.,Reducir el gasto de bolsillo en salud como porcentaje del gasto total en salud.,Reducir la prevalencia de Desnutrición Crónica Infantil en menores de dos años.,Reducir la tasa específica de nacimientos en mujeres adolescentes de 15 a 19 años.,,A,no
B-021,CACES Mayo 2026,"Paciente con VIH, debido a complicaciones relacionadas con su estado de salud ha sido hospitalizado en varias ocasiones en los últimos meses. Actualmente, vive con su esposa y sus dos hijos adultos, con quienes manifiesta insatisfacción en la relación interpersonal, puesto que han enfrentado problemas, especialmente por la falta de adaptación, participación y apoyo en su cuidado. Con esos datos usted evalúa la función familiar e implementa una intervención de cuidado. ¿Qué instrumento de la atención familiar utiliza como profesional de enfermería para basar su intervención?",Apgar Familiar.,Ecomapa familiar.,Genograma familiar.,Escala de reajuste social.,,A,no
B-022,CACES Mayo 2026,"Paciente femenina de 86 años, diabética, hipertensa, con obesidad grado I, presenta en región sacra úlcera por presión grado II, se realiza la visita domiciliaria y al ingresar a la habitación percibe olor desagradable, los muebles de la habitación están sucios, la ropa de cama y de la paciente están manchados con residuos de orina y heces fecales, por lo que se conversa con la familia y los instruye sobre la importancia de mantener hábitos higiénicos adecuados, la limpieza corporal y del entorno, la importancia de la luz y la ventilación de la habitación, que influyen en la recuperación de la paciente y evita complicaciones. ¿En referencia a este caso, quién es la autora de la Teoría?",Jean Watson.,Betty Neuman.,Florence Nightingale.,Hildegard Peplau.,,C,no
B-023,CACES Mayo 2026,"Mujer de 23 años primípara permanece en la sala de partos en conjunto con su recién nacido masculino a término. Durante el parto no se presentan complicaciones ni riesgos, la mujer solicita información sobre cuándo debe iniciar la lactancia materna. ¿Qué información le ofrece?",Lactancia materna cuando pase a hospitalización.,Lactancia materna dentro de la primera hora luego del nacimiento.,Lactancia materna cuando pase a recuperación.,Lactancia materna una hora después del nacimiento.,,B,no
B-024,CACES Mayo 2026,"Un paciente masculino de 67 años es ingresado en el servicio de cardiología, con diagnóstico médico de fibrilación auricular tratado con warfarina. Durante la noche deambula para ir al baño y se resbala sin sufrir ningún daño perceptible. ¿Cómo se denomina a este evento relacionado con la seguridad del paciente?",Evento adverso leve.,Cuasi evento.,Evento centinela.,Evento adverso.,,B,no
B-025,CACES Mayo 2026,"Mujer de 20 años primigesta que cursa un embarazo de 12 semanas, en su primer control prenatal usted identifica la presencia de algunos factores de riesgo, a la valoración de enfermería determina que es una paciente de bajo riesgo. ¿Relacione cuáles son los factores de riesgo modificables y no modificables?","1ad, 2bc.","1bc, 2ad.","1ab, 2cd.","1cd, 2ab.",,B,si
B-026,CACES Mayo 2026,"Un paciente de 65 años con antecedentes de VIH hace un año, quien acude al centro de salud por presentar molestias articulares de moderada intensidad y un peso de 49 kg; el médico valora mediante examen físico y complementario, diagnosticándolo de TB ósea, iniciando por primera vez el tratamiento antituberculoso. ¿Cuál es el esquema de tratamiento que corresponde en este caso?",2HRZE/10HR.,2HRZE/6HR.,2RHE/7HR.,2HRZE/4HR.,,A,no
B-027,CACES Mayo 2026,"Paciente de 30 años que se encuentra en el postparto inmediato, a la valoración de enfermería presenta: letargia, palidez, piel fría, diaforética, llenado capilar >3 segundos, frecuencia cardíaca de 130 latidos por minuto, presión arterial 65/40 milímetros de mercurio. De acuerdo con el caso planteado, ¿Cuál es el grado de shock hipovolémico que presenta la paciente?",Moderado.,Leve.,Severo.,Compensado.,,C,no
B-028,CACES Mayo 2026,"Gestante de 12 semanas se presenta en el centro de salud para inmunización, posterior al control prenatal por parte de la obstetra. No presenta problema alguno de salud. A la valoración de enfermería no existen signos o síntomas de infección alguna ni se refieren alergias a vacunas por parte de la gestante. ¿Qué vacuna está contraindicada para esta paciente?",Hepatitis tipo B.,Influenza estacional.,Difteria y Tétanos.,Varicela.,,D,no
B-029,CACES Mayo 2026,"A la valoración de un recién nacido, en el cual se identifica: que no responde, no ventila y no tiene pulso; en la escena se encuentra el profesional de enfermería y un segundo reanimador. ¿Cuál es la relación entre compresión y ventilación en este caso?",15 compresiones 2 ventilaciones.,30 compresiones 2 ventilaciones.,30 compresiones 1 ventilación.,15 compresiones 3 ventilaciones.,,A,no
B-030,CACES Mayo 2026,"Paciente de 35 años ingresa a urgencias tras un accidente de tránsito. En la valoración inicial, el personal de enfermería registra: apertura ocular al dolor, emisión de palabras inapropiadas y flexión de las extremidades. De acuerdo con la Escala de Coma de Glasgow, ¿Cuál es la puntuación total que alcanza el paciente?",Glasgow 9/15.,Glasgow 10/15.,Glasgow 8/15.,Glasgow 12/15.,,C,no
B-031,CACES Mayo 2026,Una gestante de 34 años acude por su cuarto control prenatal. A la valoración de enfermería se determinan 28 semanas de gestación y riesgo de parto prematuro que conlleva a que el recién nacido presente enfermedad de membrana hialina. ¿Qué acción profiláctica se debe aplicar?,Iniciar aplicación de labetalol.,Aplicación de fludrocortisona.,Administración de betametasona.,Administrar gluconato de calcio.,,C,no
B-032,CACES Mayo 2026,"Mujer primigesta de 46 años, gestante de 20 semanas que acude a centro de salud refiere, malestar general acompañado de cefalea, cambios de la visión, náusea que llega al vómito, edema de manos y miembros inferiores, oliguria, es valorada por profesional de enfermería quien realiza valoración de Score MAMÁ y una entrevista minuciosa. ¿Cuál es un factor de riesgo alto para preeclampsia?",Infección de vías urinarias.,Enfermedad renal crónica.,Enfermedad periodontal.,Primer embarazo.,,B,no
B-033,CACES Mayo 2026,En una comunidad se evidencia una crisis sanitaria que afecta la salud de la niñez. La profesional de enfermería identifica hábitos inadecuados en el cuidado diario de los niños. ¿Cuál es el determinante de la salud que se describe en el caso?,Ambiental.,Conductual.,Social.,Biológico.,,B,no
B-034,CACES Mayo 2026,"Recién nacido de 15 días de vida es llevado por su madre al Centro de Salud, refiere que el parto fue en casa en el sector rural y desea que le apliquen las vacunas que le corresponde. En la valoración el recién nacido se encuentra en condiciones normales. ¿Cuál es el esquema de vacunación que corresponde en este caso?",Administrar la vacuna Hepatitis B cero.,Administrar las vacunas BCG y Hepatitis B cero.,Indicar a la madre que debe iniciar el esquema a los 2 meses de edad.,Administrar la vacuna BCG y continuar el esquema en 2 meses.,,D,no
B-035,CACES Mayo 2026,"Un paciente de 72 años, hospitalizado en el servicio de clínica por diagnóstico médico de neumonía, es atendido por la enfermera de turno. El paciente refiere cefalea de moderada intensidad. Al informarle al médico prescribe administrar analgésicos, la enfermera procede inmediatamente y además proporciona las medidas de relajación que minimizan su molestia. Aplicando el pensamiento crítico, ¿A qué etapa del proceso de enfermería corresponde este caso?",Evaluar.,Implementar.,Diagnosticar.,Planificar.,,B,no
B-036,CACES Mayo 2026,"Como profesional de enfermería del primer nivel de atención, se encuentra realizando una vigilancia epidemiológica por un incremento en la incidencia de enfermedades diarreicas agudas en niños menores de 5 años. Para abordar esta situación, consulta en diversas fuentes de información disponibles en el centro de salud, incluyendo la proyección de mapas epidemiológicos, gráficos de tendencias y tablas de datos. De acuerdo con el Modelo de Atención Integral de Salud (MAIS), ¿Cuál es la principal herramienta que se utiliza en este caso?",Sala situacional.,Diagnóstico situacional.,Mapa parlante.,Diagnóstico dinámico.,,A,no
B-037,CACES Mayo 2026,"Paciente masculino de 37 años, con tipo de sangre B negativo sufre accidente de tránsito y requiere transfusión sanguínea urgente, pero en el banco de sangre no se dispone de hemoderivados de su mismo grupo sanguíneo. ¿Cuál es el grupo sanguíneo que puede ser compatible con el tipo de sangre del paciente?",AB negativo.,O positivo.,O negativo.,B positivo.,,C,no
B-038,CACES Mayo 2026,"Paciente femenina asintomática de 23 años acude al centro de salud después de 3 meses de mantener relaciones sexuales sin protección, por lo cual se le realiza un test de Micro Elisa, en donde se evidencia la presencia de anticuerpos contra el virus de inmunodeficiencia humana VIH. ¿Cómo se interpreta el resultado del examen?",La paciente ha desarrollado inmunidad contra el virus de inmunodeficiencia humana.,La paciente ha desarrollado resistencia adquirida.,La paciente está inmunocomprometida por la presencia del SIDA.,La paciente ha sido infectada por el virus de inmunodeficiencia humana.,,D,no
B-039,CACES Mayo 2026,"Paciente adulto mayor con antecedente de hipertensión arterial acude al centro de salud en busca de consejería, por lo que solicita información sobre una dieta adecuada. ¿Qué tipo de alimentos adicionaría a la dieta de este paciente?",Sandía o melón.,Miel.,Carne roja.,Frutos secos.,,D,no
B-040,CACES Mayo 2026,"En la unidad de cuidados intensivos el personal de enfermería realiza de forma rutinaria la desinfección con glutaraldehído al 2% de todos los equipos utilizados en la intubación del paciente como las láminas del laringoscopio, este procedimiento es realizado durante 20 minutos. De acuerdo con el caso, ¿Qué nivel de desinfección se está aplicando?",Desinfección de nivel intermedio.,Desinfección de alto nivel.,Desinfección de nivel mínimo.,Desinfección de bajo nivel.,,B,no
B-041,CACES Mayo 2026,"Paciente con antecedentes de cáncer de mama estadio IV, ingresa al servicio por terapia de dolor, el médico prescribe la administración de un medicamento que actúe como un potente agonista de los receptores opiáceos mu. ¿Cuál es el medicamento que se administra con base al mecanismo de acción descrito?",Metamizol.,Morfina.,Ketorolaco.,Paracetamol.,,B,no
B-042,CACES Mayo 2026,"El cáncer de cuello uterino se clasifica en diferentes estadios clínicos para su manejo, por tanto, una mujer que presenta un tumor que se ha extendido a la pared de la pelvis, al examen rectal no hay espacio libre de cáncer entre el tumor y la pared de la pelvis. ¿A qué estadio clínico corresponde?",Estadio III B.,Estadio III A.,Estadio IV B.,Estadio IV A.,,A,no
B-043,CACES Mayo 2026,"Un paciente de 60 años ha sido ingresado en el hospital tras sufrir un esguince de tobillo severo mientras jugaba al fútbol. A pesar de recibir analgésicos, sigue experimentando dolor intenso e inflamación en el tobillo. El profesional de enfermería decide implementar terapias no farmacológicas para ayudar a manejar su dolor. ¿Qué medida prioritaria utiliza en este caso?",Utilizar técnicas clínicas de meditación.,Aplicar compresas frías en la zona afectada.,Realizar ejercicios de respiración profunda y relajación.,Aplicar masajes suaves en la zona afectada.,,B,no
B-044,CACES Mayo 2026,"Paciente de 60 años con antecedentes de cáncer de próstata, para su tratamiento el médico indica intervención quirúrgica. Durante la visita médica el equipo de salud explica sobre el procedimiento al paciente, pero el paciente no desea iniciarlo. ¿Qué pilar de la bioética está implicado en este caso?",Autonomía.,No maleficencia.,Justicia.,Beneficencia.,,A,no
B-045,CACES Mayo 2026,"En una comunidad rural se reúnen los profesionales de salud y los actores locales para verificar el cumplimiento de las estrategias y acciones prioritarias de educación y comunicación por el inadecuado uso de químicos en la agricultura y la exposición prolongada a la radiación solar. Según datos estadísticos se establece que las inflamaciones oculares y queratitis actínica bajaron del 75% al 55%, las quemaduras y bronceado de la piel se incrementó del 65% al 75% y el envejecimiento prematuro del 45% persiste. La morbilidad sigue relacionada con la falta de uso de prendas y elementos de fotoprotección. El profesional de enfermería analiza que en los últimos dos años hay un incremento de transferencias por lesiones precancerosas y cáncer de piel en grupos étnicos, referidos al segundo nivel y unidades oncológicas. ¿Con que orientaciones replantea los procesos educativos en promoción de la salud?",Preparar métodos expositivos con expertos y dirigidos a los actores sociales.,Lineamientos para desarrollar procesos de educación y comunicación.,El enfoque de interculturalidad en las acciones educativas.,Disponer de herramientas de educación y comunicación.,,C,no
B-046,CACES Mayo 2026,"Mujer de 52 años, acude al centro de salud porque refiere sofocos frecuentes, insomnio y cambios de humor, comenta que su última menstruación fue hace más de un año, no tiene antecedentes patológicos relevantes y no está tomando ningún tratamiento hormonal. Expresa su preocupación por su salud ósea ya que su madre tuvo fractura de cadera por osteoporosis. De acuerdo con el caso, ¿Cuál es la intervención de enfermería más adecuada?",Indicar que los síntomas son normales y que no requiere atención específica.,Sugerir el uso de suplementos herbales sin necesidad de consulta médica.,"Educar sobre cambios fisiológicos y promover hábitos saludables, dieta rica en calcio y Vitamina D.",Recomendar el inicio inmediato de terapia hormonal sustitutiva para aliviar los síntomas.,,C,no
B-047,CACES Mayo 2026,"Recién nacido de 3 días de vida, con antecedentes de asfixia perinatal, presenta un paro cardiorrespiratorio en la unidad neonatal. El equipo inicia maniobras de reanimación. Tras 30 segundos de ventilación efectiva y compresiones torácicas, la frecuencia cardíaca sigue por debajo de 60 latidos por minuto. De acuerdo con la situación clínica descrita y las guías de reanimación, ¿Cuál es el medicamento que debe preparar para su administración inmediata?",Dopamina.,Adrenalina.,Dexametasona.,Aminofilina.,,B,no
B-048,CACES Mayo 2026,"Paciente residente en una comunidad rural, con antecedentes de hipertensión arterial y diabetes tipo 2. Durante la visita domiciliaria, se observa que enfrenta varias dificultades que provocan tristeza, depresión y falta de adherencia al tratamiento. Como personal de enfermería, usted identifica estas necesidades, establece un plan de cuidado integral basado en la valoración de la situación de la paciente, y coordina los recursos y servicios necesarios para la atención. ¿Cuál es la principal competencia de la enfermería basada en la comunidad que usted desempeña en este caso?",Defensora del paciente.,Gestora de casos.,Colaboradora.,Epidemióloga.,,B,no
B-049,CACES Mayo 2026,"Paciente con antecedentes de lupus, expresa durante la visita domiciliaria que se siente preocupada porque no puede atender adecuadamente a su familia debido a su estado de salud, menciona su inquietud por el bienestar de sus hijas adolescentes de un compromiso anterior y un niño de 8 años fruto de su nuevo compromiso. Basado en este hallazgo, ¿Qué forma de familia se describe en el caso planteado?",Familia monoparental.,Familia nuclear.,Familia mixta.,Familia alternativa.,,C,no
B-050,CACES Mayo 2026,"Paciente masculino de 65 años acude al hospital para un control médico, en la valoración clínica registra un valor de presión arterial de 139/89 mmHg en la primera toma, al interrogatorio, el paciente informa que tiene antecedentes familiares de hipertensión arterial. ¿Cuál es la principal recomendación que usted brinda a este paciente?",Educar sobre el uso de terapia de medicamentos antihipertensivos.,Realizar prueba de esfuerzo para ver su capacidad cardiovascular.,Control de exámenes de laboratorio para descartar alguna complicación.,Educar sobre una dieta baja en sodio y un programa de ejercicio regular.,,D,no
B-051,CACES Mayo 2026,"Paciente masculino de 4 años ingresa a emergencia por dificultad para respirar, madre refiere que el niño se encuentra agitado y con mucha tos seca, al examen físico se evidencia taquipnea, taquicardia y SO2 de 85 %, la PaO2 es de 40 mmHg. ¿Qué intervención es la más adecuada en ese momento?",Aspiración de secreciones.,Administración de oxígeno.,Fisioterapia torácica.,Lavado nasal.,,B,no
B-052,CACES Mayo 2026,Paciente de 15 años acude a la consulta externa. A la valoración por parte del profesional de enfermería la paciente refiere que piensa que está embarazada y se encuentra preocupada de que ahora pueda tener una infección de transmisión sexual (ITS). La prueba de embarazo es negativa. ¿Cuál es la prioridad de atención por parte del profesional de enfermería?,Contactar a sus padres y notificar la necesidad de anticonceptivos.,Asesoría sobre prácticas de sexo seguro.,Derivar a la paciente al profesional de especialidad.,Solicitar una prueba de ITS a la pareja de la paciente.,,B,no
B-053,CACES Mayo 2026,"En la comunidad rural donde usted labora se ha identificado un aumento en la incidencia de enfermedades crónicas no transmisibles, como Diabetes tipo II e Hipertensión. La población está compuesta principalmente por adultos mayores y familias de bajos recursos. Procede a desarrollar un plan de intervención para mejorar la salud de esta comunidad. Entre las actividades se incluyen la educación para la salud, programas de ejercicio comunitario, campañas de prevención, creación de huertos comunitarios y grupos de apoyo. ¿Cuál de las siguientes actividades del equipo de atención primaria se está aplicando en este caso?",Promoción de la salud.,Rehabilitación y reinserción social.,Atención familiar.,Asistencia sanitaria.,,A,no
B-054,CACES Mayo 2026,"Durante la entrega recepción de la guardia de enfermería, se reciben los equipos adquiridos por la institución de salud para la atención en la sala de labor de parto, con el fin de desarrollar actividades basadas en la confidencialidad y confianza entre pacientes, profesionales y personal de salud. Además, se realizará una capacitación continua para su uso y aplicación correcta. ¿A qué principio transversal de la seguridad del paciente-usuario corresponde principalmente este accionar de la institución de salud?",Alianza con el paciente y su familia.,Cultura de seguridad.,Impacto.,Atención centrada en la persona.,,B,no
B-055,CACES Mayo 2026,"El hospital está experimentando una escasez recurrente de materiales críticos en el quirófano, lo que ha provocado retrasos en las cirugías programadas y ha afectado la calidad de la atención. El líder de enfermería del servicio se ha reunido con el equipo directivo para discutir un plan de mejora en la gestión de estos recursos esenciales. ¿Cuál es la estrategia más adecuada para evitar este problema en el hospital?",Dejar que cada departamento gestione sus propios inventarios de forma independiente.,Mantener grandes reservas de materiales para evitar faltantes.,Comprar materiales en grandes cantidades una vez al año.,Implementar un sistema de gestión de inventarios a tiempo.,,D,no
B-056,CACES Mayo 2026,"Profesional de enfermería del Centro de Salud es responsable del área de inmunizaciones, ha discutido con una colega y se ha generado un conflicto, ella trata de solucionarlo y recurre a la Coordinadora de Enfermería del Centro para que facilite la comunicación y se encuentre una solución satisfactoria al conflicto. ¿Cómo se denomina este método?",Conciliación.,Mediación.,Arbitraje.,Negociación.,,B,no
B-057,CACES Mayo 2026,"Un paciente de 25 años hospitalizado en el servicio de cirugía general sufre una caída de su propia altura con pérdida de conciencia al movilizarse al baño; se realiza valoración primaria de ABC (vía aérea, respiración y circulación) obteniendo que el paciente no respira y no se palpa el pulso carotídeo, por lo cual se activa el código correspondiente y se inicia protocolo de Reanimación Cardio Pulmonar, para tal efecto llegan dos profesionales de salud para apoyar. Como parte del equipo de respuesta se empieza a dar compresiones. ¿Cuál es la profundidad de la compresión en este paciente para que sea considerada de calidad?",0.5 a 1 pulgada (1.27 a 2.54 centímetros).,1/2 del diámetro anteroposterior del tórax.,1.5 a 2 pulgadas (4 a 5 centímetros).,1/3 del diámetro anteroposterior del tórax.,,C,no
B-058,CACES Mayo 2026,"Paciente femenina de 16 años acude a la unidad de salud, refiere que ha empezado su vida sexual y desconoce los métodos de anticoncepción, enfermedades de transmisión sexual, entre otros. Por lo que necesita asesoría en salud sexual y reproductiva. ¿Cuál es el primer paso a seguir para cumplir con el proceso de asesoría, de acuerdo al Manual de Asesoría en salud sexual y reproductiva del Ministerio de Salud Pública?",Información.,Indagación.,Vínculo.,Decisión.,,C,no
B-059,CACES Mayo 2026,"Un paciente de 55 años con diagnóstico de hipertensión arterial, acude a la consulta externa para control. A la valoración de enfermería se constata los siguientes parámetros vitales: presión arterial 160/100 mmHg, frecuencia cardiaca 82 por minuto, frecuencia respiratoria 18 por minuto, temperatura 36.8 °C, saturación de oxígeno 90 %, IMC 24. El paciente refiere dolor de cabeza, mareo y visión borrosa, también informa que a veces olvida tomar la medicación, y se encuentra temeroso por su condición de salud. ¿Qué intervención de enfermería es prioritaria en este caso?",Administrar analgésicos prescritos.,Promover el cumplimiento del esquema terapéutico.,Controlar la ansiedad del paciente.,Realizar un plan de control y registro de peso corporal.,,B,no
B-060,CACES Mayo 2026,"Paciente femenina de 28 años, sintomática respiratoria por más de un mes, acudió al centro de salud obteniéndose la primera muestra de esputo, la profesional de enfermería le brindó información para la recolección de la segunda muestra y traerla al día siguiente pero no acudió. ¿Cuál es la actividad que debe realizar el personal de salud en ausencia de la paciente?","Desechar la primera muestra y registrar la ausencia, programar una visita llevando dos envases.",Agendar una nueva cita para realizar la toma de primera y segunda muestra.,Coordinar la ubicación del sintomático respiratorio con la oficina técnica y obtener la segunda muestra.,Programar una visita domiciliaria para obtener la muestra faltante dentro de las 48 horas.,,D,no
B-061,CACES Mayo 2026,Un profesional de enfermería aplica los fundamentos de educación y comunicación para la promoción de la salud en su área de influencia. Al momento pretende desarrollar prácticas y actitudes que tengan incidencia sobre los determinantes de la salud a nivel comunitario. En el interrogatorio a un grupo focal encuentra prácticas potencialmente dañinas como la colocación de tela de araña en el ombligo de los recién nacidos. ¿Cómo se evidenciaría el enfoque sociocrítico en la promoción de la salud en este caso?,Características psicoevolutivas en educación para la salud entendida como un objetivo de vida.,Promoción de la salud desconociendo prácticas de su entorno social.,Transferencia de conocimientos como visión principal para la promoción de la salud.,"Promoción de la salud en contextos socioculturales, acción - reflexión - acción.",,D,no
B-062,CACES Mayo 2026,"Paciente femenina de 32 años refiere que consume un medicamento para tratar sus convulsiones. A la valoración de enfermería identifica una amenorrea de aproximadamente 7 semanas y algunos signos y síntomas probables de embarazo. Según el caso, ¿Qué medicamento consume la paciente y puede provocar teratogenicidad en el desarrollo embrionario?",Carbamazepina.,Warfarina.,Tiamina.,Levotiroxina sódica.,,A,no
B-063,CACES Mayo 2026,"Un grupo específico de personas, viven en una parroquia rural, comparten la misma cultura, valores y normas. Al momento están organizadas en una estructura social por cabildo. En la valoración se detecta la necesidad de reorientar los servicios de salud hacia la comunidad. ¿Cuál de los siguientes enunciados define el concepto de comunidad cerrada?",Una comunidad que se enfoca principalmente en el desarrollo económico y la generación de empleo.,Una comunidad que tiene fronteras geográficas claramente definidas y limita el acceso a personas externas.,Una comunidad que se caracteriza por tener una diversidad cultural y étnica muy marcada.,Una comunidad que promueve la participación activa de sus miembros en actividades sociales y culturales.,,B,no
B-064,CACES Mayo 2026,Un paciente ingresa al hospital con diagnóstico de tuberculosis pulmonar activa. El personal de enfermería encargado de su cuidado debe utilizar medidas de aislamiento para prevenir la transmisión de la enfermedad a otros pacientes y al personal de salud. ¿Qué tipo de aislamiento debe aplicarse en este caso?,Aislamiento por contacto.,Aislamiento por vía aérea.,Aislamiento por gotas.,Aislamiento por cohorte.,,B,no
B-065,CACES Mayo 2026,"Un profesional de enfermería está brindando cuidados a un paciente diagnosticado de diabetes mellitus tipo 2 con sobrepeso, cuya indicación es la administración de insulina NPH (de acción intermedia) por vía subcutánea cada día; luego de limpiar la piel procede a la administración del fármaco. ¿Cuál es el principal cuidado de enfermería cuando se utiliza esta vía de administración?",No extraer las burbujas de aire de la jeringuilla.,Rotar diariamente los sitios de inyección.,Insertar la aguja en ángulo de 10 - 15 grados.,Aplicar el medicamento con aguja de 12 mm.,,B,no
B-066,CACES Mayo 2026,"Una paciente de 28 años es atendida en el servicio de urgencias con un diagnóstico médico de hemotórax. Presenta dolor torácico, dificultad respiratoria, tiraje intercostal, taquicardia y disminución de la expansión del hemitórax izquierdo, llanto fácil y temor. ¿Cuál es el diagnóstico de enfermería prioritario para esta paciente?",Dolor agudo relacionado con agentes lesivos.,Ansiedad relacionada con factores estresores.,Deterioro de la ventilación espontánea relacionado con la fatiga de los músculos respiratorios.,Riesgo de infección relacionado con el deterioro de la integridad cutánea.,,C,no
B-067,CACES Mayo 2026,"Como profesional de enfermería, está realizando un estudio para conocer el comportamiento del consumo de alcohol en un grupo de adolescentes, la información será recolectada en un momento específico. Al ser un problema nuevo y poco conocido en la comunidad, con los resultados de este estudio se ejecutarán programas de promoción y prevención de salud. ¿Qué tipo de diseño es pertinente para este estudio?",Diseño transversal descriptivo.,Diseño transversal exploratorio.,Diseño longitudinal de tendencia.,Diseño transversal correlacional-causal.,,B,no
B-068,CACES Mayo 2026,"Un paciente de 54 años ingresa al hospital con dificultad para respirar. Durante la valoración de enfermería se observa al paciente intranquilo, temperatura: 37.5 °C, presión arterial: 80/60 mmHg, frecuencia cardíaca 120 lpm, frecuencia respiratoria 20 rpm y oximetría 80%. Según la valoración de enfermería, ¿Cuál es el signo prioritario para una intervención inmediata?",Hipotensión arterial.,Temperatura.,Oximetría.,Frecuencia cardíaca.,,C,no
B-069,CACES Mayo 2026,"Paciente femenina de 17 años acude a consulta externa refiriendo un retraso de 3 semanas en su ciclo menstrual, además menciona que tras realizarse una prueba urinaria de embarazo doméstica ésta salió positiva. Al interrogatorio menciona prácticas sexuales sin protección. ¿Qué datos complementarios ayudarían a confirmar el embarazo?","Cambios en el aparato reproductor inferior, signo de Chadwick.",El aumento de la pigmentación y la aparición de estrías abdominales.,Fecha de última menstruación y tiempo de amenorrea.,La detección de B-HCG en sangre y la ecografía transvaginal.,,D,no
B-070,CACES Mayo 2026,"Paciente masculino de 70 años, hospitalizado con diagnóstico de apendicitis, antecedentes de hipertensión arterial diagnosticada hace 5 años con tratamiento farmacológico. Al momento se encuentra desorientado, inquieto, poco colaborador, presenta cifras de presión arterial elevadas por lo que se le administra antihipertensivos vía venosa. Tiene dificultad para movilizarse solo, por lo que requiere asistencia y cuidados, mientras se transporta al quirófano sufre una caída. ¿Cuál es el tipo de evento adverso con el que está relacionado el caso?",Con infecciones hospitalarias.,Con los cuidados.,Con la medicación.,Con procedimientos.,,B,no
B-071,CACES Mayo 2026,"En la unidad operativa del primer nivel de atención, se ha planificado la ejecución de la campaña de salud ""Como cuidar tu corazón"", cada miembro del equipo de salud tiene asignada una actividad. ¿Cuáles son los roles que le corresponden al profesional de enfermería?","Informativo, detección y erradicación.",Fomento de la salud y prevención de enfermedades y accidentes.,Asesoramiento individual.,"Educador, apoyo, refuerzo e identificar grupos de riesgo.",,D,no
B-072,CACES Mayo 2026,"Paciente masculino de 27 años que ingresa al servicio de emergencia por presentar estatus convulsivo y edema en miembros superiores, se decide colocar sonda vesical para control de ingesta y eliminación estricto; al momento de inflar el balón el paciente se queja de dolor severo y se evidencia salida de sangre en orina. ¿Cuál es la estructura que se lesionó durante el procedimiento?",Uréteres.,Próstata.,Vejiga.,Uretra.,,D,no
B-073,CACES Mayo 2026,"Usted trabaja en el Departamento de Control de Infecciones, como reporte semanal se detectó un incremento en la tasa de infecciones del sitio quirúrgico, para lo que le piden revisar el libro de registros de los quirófanos y reconocer los parámetros anómalos con relación a temperatura y humedad. ¿En qué quirófano está ocurriendo lo planteado en el caso?","Quirófano 1: Temperatura 24 °C, humedad 56 %.","Quirófano 4: Temperatura 23 °C, humedad 55 %.","Quirófano 2: Temperatura 20 °C, humedad 50 %.","Quirófano 3: Temperatura 22 °C, humedad 52 %.",,A,no
B-074,CACES Mayo 2026,Un neonato con antecedentes de prematurez moderada llega al servicio de emergencias de la maternidad en brazos de su madre. Es valorado por el profesional de enfermería quien observa letargia y cianosis distal leve; procede a colocarlo en la incubadora conectado al sensor de temperatura de piel donde se aprecia un valor de 35.3° C. ¿En qué clasificación de temperatura se encuentra el neonato?,Hipotermia moderada.,Normotermia.,Hipotermia leve.,Hipotermia grave.,,A,no
B-075,CACES Mayo 2026,"Usted se encuentra atendiendo a un paciente de 70 años diagnosticado con un cáncer avanzado. El paciente ha expresado su deseo de no recibir más tratamientos agresivos y en su lugar, prefiere recibir cuidados paliativos para mejorar su calidad de vida en sus últimos días. Sin embargo, la familia del paciente insiste en que se sigan intentando tratamientos experimentales, ya que no quieren aceptar la decisión del paciente. ¿Cuál es el principal principio bioético que se está vulnerando en este caso?",Justicia.,No maleficencia.,Beneficencia.,Autonomía.,,D,no
B-076,CACES Mayo 2026,"Paciente con diagnóstico de aborto ectópico fue enviada de manera urgente desde el área de emergencia al quirófano, donde se realizó la intervención correspondiente y fue trasladada a la unidad de cuidados intensivos para su estabilización y monitoreo. ¿Cómo se clasifican las áreas en las que fue atendida la paciente?",Semicríticas.,No críticas.,De bajo riesgo.,Críticas.,,D,no
B-077,CACES Mayo 2026,"En una investigación sobre factores asociados a la hipertensión en adultos, un equipo de salud comunitaria recolecta datos de 100 pacientes sobre dos variables cuantitativas: Edad (en años) y Presión arterial sistólica (en mmHg). Los investigadores desean determinar si existe una relación lineal significativa entre la edad y los niveles de presión arterial sistólica en la muestra. Ambas variables se distribuyen de manera normal. ¿Qué prueba estadística paramétrica es la más adecuada utilizar para este estudio?",Prueba t.,Coeficiente de correlación de Pearson.,Análisis de varianza unidireccional.,Chi-cuadrado.,,B,no
C-001,Simulador Licen,"Recién nacido será sometido al tamizaje de oximetría de pulso. El profesional de enfermería utiliza un sensor en la mano derecha y en cualquier pie, mientras el bebé se encuentre en un ambiente tranquilo, con una FiO de 21% al ambiente. La saturación de oxígeno se encuentra entre el valor establecido y existe una diferencia de saturación entre la mano derecha y el pie mayor o igual al valor, por lo que el profesional de enfermería realiza la prueba tres veces consecutivas. ¿Cuál es el motivo de la diferencia de saturación de oxígeno entre la mano derecha y el pie del recién nacido durante el tamizaje?",Problema respiratorio.,Problemas en la técnica de medición.,Malformación de las extremidades.,Anomalia cardiaca congénita.,,D,si
C-002,Simulador Licen,"""Una madre acude a la consulta con su hijo de 18 meses para control de niño sano, en donde el profesional de enfermería valora peso y talla."" ¿Qué medida antropométrica hace falta valorar de acuerdo con la edad del niño?",Perímetro cefálico,Perímetro subaórtico.,Perímetro de cadera.,Perímetro de cintura.,,A,si
C-003,Simulador Licen,"Paciente femenina de 24 años que desde hace una semana presenta ardor en la parte superior del abdomen, flatulencias, náuseas y vómito. Ha recibido tratamiento con antiespasmódicos, pero los síntomas no ceden, por lo que el médico indica que se le realice una endoscopia. Usted labora en el área de gastroenterología y asiste al procedimiento. Al finalizar el mismo, le corresponde realizar la desinfección del equipo. ¿Qué nivel de desinfección aplica?",Desinfección de bajo nivel.,Desinfección de nivel intermedio.,Desinfección de alto nivel.,Esterilización.,,C,si
C-004,Simulador Licen,"Paciente de 65 años ingresado en una unidad de cuidados intensivos con diagnóstico de síndrome de dificultad respiratoria aguda secundario a neumonía. Al examen físico Presenta disnea, taquipnea, taquicardia, ligeramente hipotenso, cianosis periférica, a la auscultación pulmonar se escuchan estertores crepitantes bilaterales y disminución del murmullo vesicular en ambas bases pulmonares, los resultados de gasometría arterial muestran hipoxemia. ¿Cuál de las siguientes intervenciones es la más apropiada?",Administrar bloqueadores betaadrenérgicos.,Intubación y ventilación mecánica con PEEP.,Colocar al paciente en una posición cuyo nombre no se comprende correctamente.,Administrar oxígeno mediante cánula nasal.,,B,si
C-005,Simulador Licen,"RN prematuro de 36 semanas de gestación ingresa al servicio de neonatología, no regula temperatura 36 °C succión débil, con un peso de 1900 gramos, a la valoración de 12 horas de vida. Presenta ictericia zona Kramer grado 1, bilirrubina total de 11 mg/dl. Se encuentra con líquidos intravenosos ¿Cuáles son las intervenciones de enfermería a realizar según el caso?","Valorar la zona de ictericia, asegurar alimentación temprana con aporte calórico adecuado, controlar la temperatura de la piel y de la incubadora, y solicitar los exámenes indicados.",Mantener al recién nacido en ayuno y prepararlo para exanguinotransfusión de forma inmediata.,Indicar lactancia exclusiva cada una a dos horas y contrarreferirlo sin intervención adicional.,"Iniciar fototerapia según prescripción o protocolo, proteger ojos y genitales, mantener lactancia cada tres horas, controlar signos vitales y vigilar hidratación y estado neurológico.",,D,si
C-006,Simulador Licen,"Un paciente adulto hospitalizado en la Unidad de Cuidados Intensivos se encuentra bajo ventilación mecánica debido a una insuficiencia respiratoria aguda. El profesional de enfermería está evaluando la mejor posición para fomentar una adecuada expansión pulmonar y optimizar la ventilación del paciente. De acuerdo con el caso, ¿cuál de las siguientes posiciones es la más adecuada?",Posición semifowler.,Posición supina.,Decúbito lateral.,Posición de Trendelenburg.,,A,si
C-007,Simulador Licen,"Paciente masculino de 40 años, con antecedentes de actividad física intensa y un trabajo que exige levantamiento repetitivo de peso, acude a consulta porque presenta dolor localizado en la parte inferior de la espalda, que inició después de un ejercicio físico extenuante. Como parte de los cuidados de enfermería, se aplica una bolsa de hielo en la zona afectada. Después de 20 minutos, el paciente refiere alivio del dolor. ¿Qué efecto fisiológico se produce al aplicar esta terapia?",Aumento de la permeabilidad capilar.,Vasodilatación.,Vasoconstricción.,Aumento del flujo sanguíneo.,,C,si
C-008,Simulador Licen,"Paciente masculino de 58 años con diagnóstico médico de cirrosis hepática compensada, fue hospitalizado hace siete días, refiere ligero cansancio y molestias abdominales. A la valoración de enfermería los signos vitales están dentro de los valores normales se observa eritema palmar y edema en tobillos, los resultados de laboratorio muestran tiempo de protrombina prolongado. ¿Cuál es la intervención de enfermería ante un riesgo de lesión debido de alteraciones en los mecanismos de coagulación?",Valorar la integridad de la piel cada cuatro a ocho horas.,Educar al paciente para utilizar un cepillo dental de cerdas suaves y evitar el hilo dental.,Supervisar la dieta prescrita.,Fomentar la ingesta de líquidos y el ejercicio de acuerdo con la tolerancia.,,B,si
C-009,Simulador Licen,"Paciente de 46 años, sexo masculino, con enfermedad oncológica a nivel testicular. Es atendido por el profesional de enfermería, quien aplica el proceso de atención de enfermería dando cuidados. Sin embargo, incide sobre las decisiones que debe tomar el paciente frente a su enfermedad. ¿Cuál es el principio ético vulnerado?",Beneficencia.,No maleficencia.,Justicia.,Autonomía.,,D,si
C-010,Simulador Licen,"Paciente de 60 años con diagnóstico de insuficiencia renal crónica que ingresa a una unidad de cuidados intensivos a la valoración presenta hipotensión, respiración superficial, somnolencia, debilidad muscular, disminución de los reflejos osteotendinosos, los resultados de laboratorio muestran un nivel sérico de magnesio aproximado de 10,2 mEq/L. ¿Cuál es la intervención de enfermería prioritaria en este caso?",Preparar al paciente para hemodiálisis.,Proporcionar una dieta baja en magnesio.,Administrar furosemida según prescripción.,Administrar sulfato de magnesio intravenoso.,,A,si
C-011,Simulador Licen,"El personal del sub centro de salud, detecta un número inusual de pacientes con síntomas como ictericia malestar general, fiebre leve, náuseas y dolor abdominal. En el transcurso de una semana se reportan 9 casos con síntomas sugestivos de hepatitis A, 5 casos han sido confirmados por laboratorios IGM positivo para virus de hepatitis A, todos los afectados son niños entre 5 y 12 años residentes del mismo sector y estudiantes de la escuela comunitaria. Se inicia con la investigación epidemiológica, basándose en la metodología de investigación de brotes y epidemias establecidas en el manual de procedimientos del subsistema Alerta-acción SIVE- Alerta del MSP ¿cuál de las siguientes medidas es prioritaria de realizar durante la investigación del brote?",Realizar la búsqueda activa de los casos.,"Eliminar, remover y descontaminar la fuente.",Evaluar las medidas de control.,,,A,si
C-012,Simulador Licen,Un recién nacido de 24 horas de vida presenta secreción escasa y mal olor en la región periumbilical. ¿Cuál es la actuación inicial de enfermería más adecuada?,Realizar limpieza con agua oxigenada y aplicar una crema.,Realizar aseo con solución fisiológica y aplicar yodopovidona.,Realizar limpieza y colocar ungüento antibiótico.,Realizar limpieza con alcohol y aplicar una crema.,,C,si
C-013,Simulador Licen,"Paciente de aproximadamente 45 años con diagnóstico de cáncer de pulmón en estadio IV en tratamiento oncológico paliativo que ingresa a la casa de salud debido a la dificultad para descansar, ocasionada por la disnea y la tos persistente. ¿Qué intervención debe implementar el profesional de enfermería según el cuadro clínico?",Colocar al paciente en ventilación mecánica.,Valorar la dificultad respiratoria para identificar cómo afecta su vida.,Preparar al paciente para una radiografía.,Realizar pruebas gasométricas para detectar alteraciones.,,B,si
C-014,Simulador Licen,Como parte de un equipo de investigación se busca analizar la efectividad de la intervención de enfermería en la reducción del dolor posoperatorio. ¿Qué tipo de investigación es la más adecuada a aplicar en este estudio?,Investigación experimental.,Investigación descriptiva.,Investigación cualitativa.,Investigación correlacional.,,A,si
C-015,Simulador Licen,"Una mujer de 20 años, con 30 semanas de gestación, presenta cólicos y sangrado escaso con contracciones irregulares. Se indica maduración pulmonar fetal con betametasona. ¿Cuál es la dosis y frecuencia de administración recomendada?",12 mg intramuscular cada 24 horas por 2 dosis.,4 mg intramuscular cada 12 horas por 4 dosis.,8 mg intramuscular cada 24 horas por 3 dosis.,6 mg intramuscular cada 12 horas por 2 dosis.,,A,si
C-016,Simulador Licen,"En una casa de salud, el profesional de enfermería detecta un aumento de pacientes fallecidos por cáncer hepático. ¿Qué indicador describe esta situación en la población afectada?",Morbilidad.,Mortalidad.,Letalidad.,Prevalencia.,,C,si
C-017,Simulador Licen,Paciente de 75 años acude al servicio de emergencia con insuficiencia cardíaca izquierda grave. A la valoración de enfermería el profesional de enfermería sospecha el inicio de congestión pulmonar. ¿Cuál de los siguientes ruidos pulmonares adventicios se esperaría encontrar a la auscultación del paciente?,Crepitantes solamente en el ápice pulmonar.,Crepitantes inspiratorios en las bases pulmonares.,Sibilancias sonoros en la parte inferior del pulmón izquierdo.,Roncos mediastínicos.,,B,si
C-018,Simulador Licen,"Paciente de 65 años llega al servicio de emergencia con fuerte dolor abdominal intenso, refiere presentar heces de color oscuros, a la valoración manifiesta haber presentado mareos, y debilidad. Al examen físico palidez de pies y mucosas, se sospecha un posible sangrado gastrointestinal agudo ¿Ante el caso planteado el profesional de enfermería que medicamento administraría con prioridad?",Analgésicos opioides.,Antieméticos.,Inhibidores de la bomba de protones.,Agentes antidiarreicos.,,C,si
C-019,Simulador Licen,Una gestante multípara se encuentra en la segunda etapa del trabajo de parto y recibe analgesia epidural. ¿Cuánto tiempo puede durar aproximadamente esta etapa?,Hasta dos horas.,Hasta tres horas.,Hasta cuatro horas.,Hasta cinco horas.,,B,si
C-021,Simulador Licen,"Paciente femenina de 45 años, casada y madre de tres hijos. Trabaja y atiende a su familia. Está pendiente de su madre, quien vive sola. Acude al centro de salud porque el día anterior tenía mucho dolor de cabeza y dificultad para dormir. Su esposo manifiesta que su jornada laboral inicia temprano y se esfuerza mucho, por lo que recibe siempre terapias alternativas para cuidar su salud y bienestar. ¿A qué modelo de enfermería corresponde la práctica realizada a la paciente?",Modelo de promoción de la salud,Modelo de creencias de salud,Modelo de los procesos vitales,Modelo holístico de salud,,D,si
C-022,Simulador Licen,"Recién nacido a término se encuentra en observación de enfermería después del parto. Enfermería realiza la evaluación inicial de signos vitales: temperatura de 36,2 °C medida en la axila con termómetro digital; frecuencia respiratoria de 62 respiraciones por minuto; frecuencia cardíaca de 130 latidos por minuto; y saturación de oxígeno de 95%. Con base en estos datos anteriores, ¿cuál de los siguientes datos indica a la enfermería que está dentro de los parámetros normales?",La temperatura axilar del recién nacido,La frecuencia respiratoria del recién nacido,La frecuencia cardíaca del recién nacido,La saturación de oxígeno del recién nacido,,C,si
C-023,Simulador Licen,Usted trabaja como profesional de enfermería en un servicio de cirugía y está participando en un estudio de investigación en el que se plantea la siguiente hipótesis: la administración de analgésicos por vía intravenosa reduce a nivel del dolor en pacientes posoperatorios. ¿Qué tipo de hipótesis se presenta en este caso?,Hipótesis correlacional,Hipótesis descriptiva,Hipótesis nula,Hipótesis alternativa,,D,si
C-024,Simulador Licen,"Paciente de 85 años acude a la consulta externa por presentar dolor articular, a la valoración refiere dolor a nivel de las articulaciones de las rodillas y de las manos, las mismas que han estado presente aproximadamente 6 meses. El paciente describe el dolor como constante y de intensidad moderada a severa que empeora con la actividad física y mejora con el reposo ¿Cuál es el post consulta que el profesional de enfermería le indica sobre la medicación?","Acetaminofén 500mg hasta 2g, con máximo de 3g al día","Acetaminofén 500mg a 1g, con máximo de 4g al día","Acetaminofén 500mg a 1g, con máximo de 3g al día","Acetaminofén 500mg a 2g, con máximo de 4g al día",,C,si
C-025,Simulador Licen,"Paciente femenina de 67 años es atendida en emergencia, a la valoración presenta diaforesis, mucosas orales secas, fiebre, dolor abdominal, diarrea aguda, náuseas y vómitos. El médico sospecha una infección por salmonela Como profesional de enfermería, ¿cuál es la intervención prioritaria para esta paciente?",Administrar antibióticos de amplio espectro según prescripción,Administrar fluidos intravenosos según prescripción,Administrar antipiréticos según prescripción,Educar sobre la importancia de la higiene de manos,,B,si
C-026,Simulador Licen,"Un niño de 2 años presenta diarrea durante cinco días, con seis deposiciones al día que no mejoran con el ayuno. El examen de heces evidencia características líquidas y ácidas, sustancias reductoras, aumento de la osmolaridad y una brecha osmótica mayor de 100 mmol/kg. ¿Cuál es el mecanismo fisiopatológico más probable?",Invasión a la mucosa,Diarrea secretora,Diarrea Osmótica,Diarrea por aumento de la motilidad,,C,si
C-027,Simulador Licen,Al paciente se le realizará una colelap por diagnóstico preoperatorio de colecistitis. Dentro de sus funciones como profesional de enfermería está la desinfección del instrumental quirúrgico laparoscópico. Después de la intervención se recepta el instrumental empleado para realizar la esterilización con un gas que genera vapores y destruye las esporas y los microorganismos. ¿Qué tipo de método de vapor se emplea?,Gas de dióxido de carbono,Gas propano,Oxígeno,Gas óxido de etileno,,D,si
C-028,Simulador Licen,Un Profesional de enfermería participa en un estudio de investigación sobre la incidencia de casos de viruela símica. Se utiliza la desviación estándar como medida para analizar los síntomas de dos grupos de pacientes. ¿Qué proporciona esta medida en el caso?,La dispersión de los datos de cada grupo de los pacientes,La diferencia promedio entre los datos de los dos grupos,La magnitud de la diferencia de los datos entre los dos grupos,El alcance del estudio entre cada grupo de pacientes,,A,si
C-029,Simulador Licen,"Paciente de 40 años que ingresa al servicio de urgencias después de un accidente de tránsito a su llegada se evalúa una Glasgow aproximado de 8/15, agitación, manifestaciones de dolor y compromiso del estado de conciencia. Para su manejo inicial y estabilización del paciente el médico tratante indica administrar una benzodiacepina. ¿Cuál de los siguientes fármacos corresponde?",Fenitoína,Fentanilo,Propofol,Midazolam,,D,si
C-030,Simulador Licen,"Mujer de 25 años, gesta 6, partos 6, cesáreas 0, abortos 0, (FUM) fecha de última menstruación hace siete días. En la valoración de enfermería refiere pérdida de pequeñas cantidades de orina de forma esporádica al toser, estornudar y realizar actividades habituales. ¿Cuál es el dominio según los patrones funcionales de Marjory Gordon hace referencia a esta situación?",Percepción y manejo de la salud.,Nutricional-metabólico.,Eliminación.,Sexualidad y reproducción.,,C,si
C-031,Simulador Licen,"Paciente de 56 años acude a consulta externa por presentar hipertensión arterial no controlada, a la valoración física presenta obesidad con un índice de masa corporal de 45 kg/m2 y presión arterial de 150/90 mmHg. ¿A cuál de los siguientes grupos de estado físico corresponde?",ASA III,ASA II,ASA IV,ASA I,,A,si
C-032,Simulador Licen,"Paciente de 80 años acude a la consulta externa, se queda solo en su casa desde que es viudo hace 5 años, a sido diagnosticado con diabetes mellitus tipo II y tiene hipertensión arterial, al momento presenta una depresión leve, ¿En qué modelo del protocolo de atención se basa el cuidado a los adultos mayores?",Modelo de atención en el área de salud,Modelo de atención biopsicosocial,"Modelo de atención integral de salud familiar, comunitaria e intercultural",Modelo de atención centrada en la persona,,D,si
C-033,Simulador Licen,"Durante la visita domiciliaria a una puérpera de 25 años, el profesional de enfermería detecta desaseo de la vivienda. La puérpera expresa que no puede bañarse y que, además, se siente irritable porque el bebé llora toda la noche, lo que no le permite dormir ni descansar. También indica que se siente agotada, deprimida, que no ha cumplido el régimen dietético, no puede trabajar ni participar en diversas formas de entretenimiento. ¿Qué teoría de enfermería se relaciona con el caso?",Teoria de Ramona Mercer.,Teoria de Virginia Henderson.,Teoria de Martha Rogers.,Betty M. Neuman,,B,si
C-034,Simulador Licen,"Un enfermero se encuentra trabajando en un hospital y se le asigna el cuidado de un paciente con VIH, el enfermero ha leído el Código Deontológico del Consejo Internacional de Enfermeras y se enfrenta a un dilema ético. El paciente le pide que no revele su diagnóstico a su pareja sexual, argumentando que él tiene derecho a la confidencialidad. ¿Cuál de las siguientes opciones de acción es la más apropiada para el enfermero?","Comunicar al paciente que respetará su petición, pero de forma anónima informa a la pareja sexual sobre la condición de VIH positivo.",Consultar con el equipo de atención médica y tomar una decisión conjunta sobre cómo manejar la situación.,Vulnerar la petición del paciente y comunicar directamente el diagnóstico a su pareja sexual.,Cumplir con la petición del paciente y mantener la confidencialidad sin revelar el diagnóstico a su pareja sexual.,,B,si
C-035,Simulador Licen,"El personal de salud reporta un aumento repentino de estudiantes con síntomas gastrointestinales: diarrea, fiebre y vómito. En las últimas 24 horas se han notificado 18 casos con características similares. El distrito de salud activa la alerta y se moviliza con un equipo de respuesta rápida para investigar el posible brote. Basada en la metodología de investigación de brotes y epidemias establecidas en el manual de procedimientos del subsistema de alerta acción SIVE-Alerta, ¿cuál es el paso prioritario a seguir?",Confirmar la concurrencia del brote o epidemia.,"Caracterizar el brote en el tiempo, espacio y persona.",Poner en marcha las medidas de control especificas.,Realizar la búsqueda activa de casos.,,A,si
C-036,Simulador Licen,"Se prepara material quirúrgico especializado que no puede ser expuesto a altas temperaturas, como equipos electrónicos y ciertos dispositivos médicos sensibles al calor. Como profesional de enfermería, se necesita esterilizar estos instrumentos y asegurarse de que estén completamente libres de microorganismos, incluidas las esporas y sin que sufran daño. ¿Cuál es el principal método de esterilización utilizado en este caso?",Autoclave de vapor.,Calor seco.,Oxido de etileno.,Plasma de peróxido de hidrógeno.,,D,si
C-037,Simulador Licen,"Usted ha sido designado a dirigir la subdirección de enfermería en un hospital de tercer nivel, por lo que debe informar a los líderes del servicio de enfermería sobre la organización y lo que se espera de cada profesional de servicio, de modo tal que la información brindada sea transparente. ¿Qué tipo de comunicación se establece?",Comunicación horizontal,Comunicación externa,Comunicación ascendente,Comunicación descendente,,D,si
C-038,Simulador Licen,Un recién nacido con peso menor de 1.500g recibe vitamina K en dosis única para prevenir la enfermedad hemorrágica del recién nacido. ¿Cuál afirmación es correcta?,La administración por vía intramuscular de vitamina K es más efectiva que la vía oral para prevenir enfermedades.,La administración de vitamina K solo es necesaria en recién nacido con un peso menor a 1500 gramos,La administración de vitamina K por vía oral es más efectiva que la vía intramuscular para prevenir la enfermedad hemorrágica del recién nacido,La administración de vitamina k deme hacerse en el brazo para prevenir las complicaciones de administración en el muslo.,,A,si
C-039,Simulador Licen,"Paciente femenina de 60 años ingresada hospitalizada que, después de alrededor de tres días hospitalizada, desarrolla tos productiva, secreciones de características amarillentas purulentas en enumeradas cantidades, fiebre cercana a 39 °C, % perdida de la movilidad física, a la valoración física la paciente esta inconsciente con escala de Glasgow 14/15 dificultad para movilizarse, presenta taquicardia, saturación de oxígeno de 84 % se realiza radiografía de tórax la cual se confirma neumonía ¿cuál de las siguiente pruebas de enfermería seria incorrecta en este caso?",Alternativa orientada a mejorar la permeabilidad de la vía aérea.,No se logra definir correctamente.,"Alternativa relacionada con nutrición, posteriormente cuestionada.",,,A,si
C-040,Simulador Licen,"Paciente masculino de 76 años, con diagnóstico de hipertrofia prostática, será intervenido quirúrgicamente, por lo que el médico ha dejado las indicaciones previas para el día de la cirugía. Usted, como profesional de enfermería, está asignado para trasladar al paciente al quirófano. Al llegar, lo recibe la enfermera encargada y realiza la verificación de cirugía segura, percatándose de que no existe el consentimiento informado. Por esta razón, devuelve al paciente y se cancela la cirugía. ¿A qué elemento de la mala práctica médica corresponde esta situación?",Impericia.,Imprudencia.,Inobservancia.,Negligencia.,,D,si
C-041,Simulador Licen,"Paciente de 58 años con antecedente de consumo excesivo de alcohol es atendido en el servicio de emergencia, a la valoración presenta debilidad muscular generalizada, parestesias en manos y pies, los resultados de laboratorio muestran un nivel sérico de calcio aproximado de 7,5 mg/dL, como profesional de enfermería ¿Cuál es la intervención de enfermería en este caso?",Valorar al paciente en busca de signos de tetania y convulsiones.,Limitar el consumo de alimentos ricos en calcio.,Proporcionar suplementos de vitamina D.,Administrar fosfato de calcio oral según prescripción.,,A,si
C-042,Simulador Licen,"El profesional de salud realiza el plan de alta de un recién nacido sano e indica que, a partir del cuarto día, se debe realizar el tamizaje metabólico neonatal para prevenir la discapacidad intelectual y la muerte infantil. ¿Cuáles son las enfermedades que se pueden detectar mediante el tamizaje metabólico neonatal?","Atresia pulmonar, fibrosis quística y anomalía de Ebstein.",Deficiencia de glucosa-6-fosfato deshidrogenasa y síndrome de Guillain-Barré.,"Hipotiroidismo congénito, galactosemia, fenilcetonuria e hiperplasia suprarrenal congénita.","Tetralogía de fallot, neumonía neonatal.",,C,si
C-043,Simulador Licen,"Una gestante de 28 años, multípara, con 40 semanas de gestación, acude al hospital. En la valoración presenta signos vitales normales, 50 % de borramiento cervical y 5 cm de dilatación. ¿Cuál es el tiempo aproximado de duración de esta fase activa del trabajo de parto?",Cuatro horas.,Cinco horas.,Seis horas.,Ocho horas.,,B,si
C-044,Simulador Licen,"En el área de aislamiento se encuentra un paciente de 33 años por presentar diagnóstico de VIH en estadio avanzado, hemodinámicamente inestable permanece con oxigenoterapia a 4 litros por minutos monitorizado para control constante se signos vitales y conducción eléctrica del corazón, tiene insertada una sonda vesical por inducción endovenosa, se mantiene hidratado y recibe tratamiento farmacológico prescrito, nivel de zona sacra se evidencia ulcera por presión ¿Qué tipo de aislamiento requiere prioritariamente este paciente?",aislamiento respiratorio,aislamiento protector,Aislamiento Entérico,Aislamiento Por contacto,,B,si
C-046,Simulador Licen,¿Qué medida de tendencia central se utiliza con mayor frecuencia cuando las variables están severamente sesgadas?,Media,Moda,Rango,Mediana,,D,si
C-047,Simulador Licen,"Paciente de 25 años se encuentra hospitalizado con un diagnóstico de dengue, durante el examen físico se identifican los siguientes signos y síntomas, cefalea intensa, irritabilidad, taquipnea, llenado capilar mayor a 2 segundos temperatura 39,5 °C, FC: 110 lpm, Presión arterial 90/60 mmhg. ¿Cuál de las siguientes intervenciones debe realizarse prioritariamente?",Realizar curva térmica para controlar la temperatura.,Administrar líquidos cristaloides bajo prescripción médica.,Administrar antibióticos de amplio espectro.,Administrar diclofenaco bajo prescripción para el manejo del dolor.,,B,si
C-048,Simulador Licen,"Usted brinda cuidados a un paciente de 74 Años con antecedente de enfermedad cardiovascular, diabetes mellitus tipo II, ha estado experimentando dolor abdominal intenso y distensión en los últimos días. A pesar de varios intentos por defecar, no lo ha logrado evacuar y los intentos le han causado un gran malestar. Durante la valoración se identifica que presenta el abdomen tenso y doloroso, con ruidos intestinales disminuidos. Después de realizar un examen rectal, usted confirma la presencia de heces duras lo que impide la evacuación. ¿Qué problema relacionado con la eliminación intestinal se describe en este caso?",Estreñimiento.,Impactación fecal.,Incontinencia fecal.,Diarrea.,,B,si
C-049,Simulador Licen,"Paciente de 52 años con antecedentes de fibrosis hepática, se encuentra ingresado en el hospital por presentar ascitis, a la valoración de enfermería se observa un aumento del perímetro abdominal con la presencia de venas distendidas en la pared del abdomen y estreñimiento ¿cuál de las siguientes intervenciones es la más adecuada en este caso?",Preparar al paciente para un drenaje,Administrar diuréticos según prescripción medica,realizar ejercicios físicos intensos,fomentar la ingesta alta de sodio y liquido,,B,si
C-050,Simulador Licen,"Madre lactante cursa cuarto día de puerperio inmediato, refiere sensación de glándulas mamarias densas momento, al momento normo térmica, abundancia de producción de leche materna, se queja de dolor intenso en los pezones al examen físico se detecta tensos los pechos ¿Cuál es el probable problema de la madre lactante en este caso?",Agalactia primaria,Ingurgitación mamaria,Candidiasis mamaria,Mastitis mamaria,,B,si
C-051,Simulador Licen,"Paciente masculino de 38 años de edad con diagnóstico de VIH se encuentra hospitalizado en el servicio de medicina interna desde hace 15 días por presentar cuadro afebril de 39 grados, diarrea frecuente con presencia intematico a causa de su patología, probablemente secundario a medicación antirretroviral. Al momento cuadro afebril controlado sin embargo persiste dolor abdominal y diarrea, la misma que necesario controlar. ¿Cuál de las siguientes intervenciones de enfermería está contraindicado?",Alternativa relacionada con restricción de alimentos.,Alternativa relacionada con restricción de la ingesta de líquidos.,Alternativa relacionada con tratamiento antiespasmódico.,No se logra definir correctamente en la transcripción.,,A,si
C-052,Simulador Licen,"Paciente masculino de 25 años que sufre accidente en motocicleta, ingresa al servicio de urgencia por presentar politraumatismo, trauma cráneo encefálico y fractura expuesta de fémur y hemotórax, al momento con una escala de Glasgow de $7/15$, Taquicardia, taquipnea, dificultad para respirar por lo que se procede a intubación endotracreal, vía aérea difícil, paciente en ventilación mecánica controlada bajo efecto de sedo analgesia. Qué cuidado de enfermería es prioritario en este paciente",Vigilancia del equilibrio hidroelectrolítico.,Mantener via respirotorita permeable.,Iniciar nutrición.,Conservar la temperatura.,,B,si
C-053,Simulador Licen,"En un hospital de segundo nivel, la subdirección de enfermería ha detectado en los últimos tres meses un incremento sostenido en la rotación de personal, un aumento en el número de quejas de pacientes por trato inadecuado y una disminución en el cumplimiento de los protocolos de bioseguridad. Desde la perspectiva de la administración en salud, estos hallazgos constituyen:",Indicadores de productividad del servicio,Evidencian un problema de gestión del talento humano,Resultados esperados de un proceso de reestructuración institucional,Indicadores de calidad de la infraestructura hospitalaria,,B,si
C-054,Simulador Licen,"Una mujer de 20 años llega a la emergencia de un hospital provincial. Refiere agresiones físicas y verbales por parte de su pareja cuando este consume alcohol y drogas; presenta equimosis, deformidad nasal y una fractura del tabique nasal. Además, se identifica una cicatriz de quemadura en el brazo derecho. ¿Cuál es el lineamiento de atención que debe seguir el profesional de enfermería?",Realizar el triaje y ofrecer apoyo psicológico sin activar la ruta institucional de protección.,Preguntar a la usuaria qué hizo para provocar la agresión y centrar la atención en su conducta.,"Brindar un ambiente seguro, cálido y sin intimidación; garantizar confidencialidad, obtener consentimiento informado y activar la ruta de protección y notificación que corresponda.",Permitir que el agressor acompañe a la usuaria durante toda la atención.,,C,si
C-055,Simulador Licen,"Niño de dos meses llega al centro de salud para el control de niño sano. Durante la preparación de enfermería, el paciente presenta signos vitales normales y peso adecuado para la edad. ¿Qué documentos necesita portar la mujer para registrar el crecimiento y desarrollo de este niño?",Historia clínica materna perinatal,Registro de nacido vivo,Ecografias,Libreta integral de salud,,D,si
C-056,Simulador Licen,"Paciente de 49 años diagnosticada con diabetes mellitus tipo II acude a la consulta de enfermería presentando los siguientes signos y síntomas poliuria, polydipsia y perdida de peso inexplicada y visión borrosa, la enfermera realiza una evolución y registra un nivel de glucosa en ayunas de 200mg/dl ¿cuál de las siguientes intervenciones de enfermería es la mas apropiada para el cuidado de este paciente?","administrar insulina de acción rápida antes de cada comida y después de la administración, control permanente.",Educar al paciente en el autocontrol de la glucosa en sangre y la importancia de seguir una dieta balanceada.,iniciar una infusión de solución salina para corregir la deshidratación ocurrida por la hiperglucemia,Proporcionar al paciente una lista de alimentos prohibidos y restringidos de acuerdo con la patología,,B,si
C-057,Simulador Licen,"Durante la elaboración de un documento de investigación usted utilizó un artículo científico publicado en el año 2024. Cuyos autores son. Manuel Luis Samaniego Torres, Carlos López, María del Carmen Fernández, Luisa Pérez, Javier Cabrera como se debe redactar la cita parafraseas basada en el autor de acuerdo a las normas APA séptima edición.","Según Samaniego et al. (2024), los resultados muestran una tendencia creciente.","Según Manuel Luis Samaniego Torres, Carlos López, María del Carmen Fernández, Luisa Pérez y Javier Cabrera, los resultados muestran una tendencia creciente.","Según Samaniego, López, Fernández, Pérez y Cabrera (2024), los resultados muestran una tendencia creciente.","Según el articulo de 2024, los resultados muestran una tendencia creciente.",,A,si
C-058,Simulador Licen,"En una zona urbana densamente poblada se ha reportado un aumento significativo de personas con síntomas respiratorios como fiebre, tos seca, dolor muscular y malestar general. El centro de salud ha confirmado múltiples casos de infección por virus de influenza tipo A. Ante esta situación El personal de salud debe activar un plan de vigilancia comunitaria para controlar la propagación del virus. ¿Qué acción inicial es fundamental para empezar el proceso de notificación de vigilancia comunitaria?",Identificar y seleccionar a los líderes y vigilantes comunitarios que se articularan con establecimientos de salud en las actividades de vigilancia con base en los lineamientos de la dirección nacional de participación,Dar atención médica a todos los casos sospechosos y confirmados que llegan al primer nivel de atención y notificar respectivamente,Esperar a que aumenten los casos para realizar la notificación especifica al sistema ante la sospecha de un problema epidemiológico.,Realizar campañas de prevención de la enfermedad y realizar seguimiento de los casos activos para evitar el contagio de las personas implicadas.,,A,si
C-060,Simulador Licen,"Paciente de 68 años con una ostomía realizada hace seis semanas debido a un cáncer de colon. Durante la valoración del estoma el profesional de enfermería observa enrojecimiento y de la piel periostomal acompañado de pequeñas lesiones erosivas acompañadas de ardor y picazón, referidos por el paciente. ¿Cuál es la alteración que presenta el paciente?",Infección bacteriana del estoma.,Prolapso del estoma.,Dermatitis periostomal.,,,C,si
C-061,Simulador Licen,El personal de enfermería brinda cuidados a una Paciente femenina de 55 años con diabetes mellitus tipo 2 se encuentra hospitalizada por una infección respiratoria el plan de tratamiento con insulinoterapia subcutánea para el control de la glucemia. En la última glucemia registrada es aproximadamente 320mg/dL y la paciente refiere hambre constante y leve visión borrosa. Como enfermera encargada se prepara para administración de insulina de acción breve regular. ¿Cuál es la acción más adecuada?,Administrar la insulina inmediatamente antes de la comida.,Administrar la insulina entre 20 y 30 minutos antes de la comida.,Administrar la insulina por vía intravenosa debido a su efectividad.,Realizar una nueva medición de glucosa para ajustar la dosis.,,B,si
C-062,Simulador Licen,Ud. labora en un centro de salud y ha observado el incremento del consumo de alcohol en los adolescentes por lo que se encuentra diseñando una serie de estrategias pedagógicas a desarrollarse en la unidad asistencial que proporcionen a los adolescentes información sobre los efectos perjudiciales del consumo de alcohol y ofrezcan herramientas para abandonar ese hábito. ¿Qué técnica específica de aprendizaje cooperativo utilizaría para asistir con esta actividad?,Murgas de salud,Talleres de salud,Ferias de salud,Casa abierta,,B,si
C-063,Simulador Licen,"Paciente de 60 años que ingresa a la sala de emergencia por presentar alteración del estado de conciencia, dificultad para hablar, adormecimiento en la cara, brazos, piernas y compromiso del brazo izquierdo que dificulta la circulación. Después de los exámenes médicos se determina que el paciente presenta un evento cerebrovascular isquémico con un tiempo de evolución de 4 horas ¿Cuál de las siguientes intervenciones sería apropiada para este paciente?",preparar al paciente para realizarle un eco-cardiograma computarizado,Tomografía computarizada,Administrar silvinoliticos,,,B,si
C-064,Simulador Licen,"Un estudiante de enfermería está asignado al cuidado de un paciente que recibe tratamiento por vía intravenosa en el brazo izquierdo. El paciente se encuentra en su cuarto día posoperatorio después de una cirugía abdominal y requiere la curación del acceso venoso periférico. El estudiante consulta el manual de procedimientos del hospital para asegurarse de seguir correctamente los pasos. Sigue al pie de la letra el procedimiento, sin ajustarlo para satisfacer las necesidades particulares del paciente. De acuerdo con el caso, ¿qué nivel de pensamiento crítico se describe?",Pensamiento específico.,Pensamiento complejo.,Pensamiento básico.,Pensamiento de compromiso.,,C,si
C-065,Simulador Licen,"Un profesional de enfermería labora en el área de epidemiología de un hospital de segundo nivel. Durante una semana epidemiológica, no se registró ningún caso de las enfermedades de notificación obligatoria en el establecimiento de salud. Según los lineamientos del Sistema Integrado de Vigilancia Epidemiológica (SIVE-Alerta) del Ecuador, ¿qué acción debe realizar el profesional en esta situación?","No notificar, ya que al no existir casos no hay información que reportar","Notificar el ""silencio epidemiológico"", indicando la ausencia de casos en la semana correspondiente",Esperar a que se presente un caso para iniciar la notificación semanal,"Reportar únicamente al finalizar el mes, consolidando la información de todas las semanas",,B,si
C-066,Simulador Licen,"Ante los diversos problemas de salud a nivel individual, familiar y comunitario y de sistema. Se emprenden investigaciones que aporten a la solución de los mismos al informar a los participantes de manera clara sobre los objetivos procedimientos y riesgos del estudio. Qué principios éticos SE está aplicando",Autonomía,Beneficencia,No maleficiencia,Justicia,,A,si
C-067,Simulador Licen,"Paciente de 67 años, con antecedentes de hipertensión arterial, acude al hospital por presentar tos productiva de varios días de evolución, fiebre y dificultad para respirar. Una vez realizados los exámenes complementarios, se diagnostica neumonía bacteriana y se decide su ingreso. ¿Cuál es el tipo de aislamiento que necesita el paciente para evitar la propagación de la enfermedad?",Aislamiento de contacto.,Aislamiento por gotas.,Aislamiento aéreo.,Aislamiento protector.,,B,si
C-068,Simulador Licen,"Usted está valorando a un Paciente masculino de 50 años, con antecedentes de alcoholismo crónico, acude a consulta por dolor abdominal, náuseas, sensación de llenura y pérdida del apetito. El paciente refiere que el dolor ha empeorado durante las últimas semanas, especialmente después de las comidas. Durante la valoración física, el profesional de enfermería sospecha un posible aumento del volumen debido a la presencia de liquido libre en la cavidad abdominal. ¿Cuál es la técnica apropiada de valoración durante el examen físico en este caso?",Palpación.,Observación.,Auscultación.,Percusión.,,D,si
C-069,Simulador Licen,"En un centro de salud de primer nivel se identifica un caso sospechoso de una enfermedad de notificación obligatoria e inmediata, como sarampión o parálisis flácida aguda. De acuerdo con el SIVE-Alerta del Ecuador, ¿en qué instrumento debe registrarse el caso para su notificación?",Formulario EPI-1,Historia clínica única (formulario 008),Carné de vacunación,Formulario de referencia y contrarreferencia,,A,si
C-070,Simulador Licen,"Paciente de 65 años desde hace 2 meses fue diagnosticado con hipertensión arterial grado 2, acude a la consulta de control, refiere que ha estado tomando puntualmente su medicación antihipertensiva, su presión arterial actual es de 150/80 mm Hg, no presenta otros antecedentes patológicos y mantiene hábitos y de vida saludable. ¿Cuál es la intervención de enfermería correcta con a las cifras de presión arterial?",Dar instrucciones adecuadas sobre cómo tomar el antihipertensivo para evitar complicaciones cardiovasculares.,"Brindar educación sobre la importancia de incluir hábitos de vida saludables, para mantener niveles óptimos de presión arterial.","Se felicita al paciente por su compromiso en la gestión de su cuidado, que se refleja en la disminución de la presión arterial.",Informar sobre la importancia de reducir el peso para disminuir el riesgo cardiovascular.,,C,si
C-071,Simulador Licen,"Paciente primigrávida de 39 años con fecha de ultima menstruación del 4 de abril del 2022. Acude al servicio de emergencia el 30 de diciembre del 2022 por presentar dolor abdominal tipo contracciones uterinas que se intensifican durante las últimas horas, tres en diez minutos. Ingresa a sala de labor de diagnóstico de trabajo de parto. ¿Cómo clasifica la terminología obstétrica a este paciente?",Primigesta añosa,Multigesta,Primipara,Parturienta,,A,si
C-072,Simulador Licen,"Paciente de 65 años con diagnóstico de obstrucción intestinal alta se coloca una sonda nasogástrica para descompresión. A las Dos horas de la colocación la enfermera aspira aproximadamente 450mL de líquido bilioso oscuro, el paciente refiere náuseas persistentes y distensión abdominal. ¿Cuál es la intervención prioritaria de enfermería en este caso?",Retirar la sonda nasogástrica porque se ha drenado una cantidad significativa de liquido.,Elevar la cabecera de la cama a 90 grados.,Asegurar la permeabilidad y el correcto funcionamiento de la sonda nasogástrica.,No se logra definir la cuarta alternativa.,,C,si
C-073,Simulador Licen,"Paciente femenina de 38 años ingresa por consulta externa por presentar cólicos abdominales que no desaparecen. Refiere debilidad muscular, fatiga y pérdida de peso inexplicable. A la palpación se evidencia presencia de endurecimiento a nivel del hipogastrio, por lo que el médico sugiere realizar una colonoscopia. El profesional de enfermería procede a preparar a la paciente para el examen. ¿Qué tipo de enema debe utilizarse para preparar a la paciente para el procedimiento?",Enema de retención.,Enema medicamentoso.,Enema carminativo.,Enema evacuante o de limpieza.,,D,si
C-074,Simulador Licen,"Una gestante multigesta, con aproximadamente 29 semanas de gestación, acude a su cuarto control prenatal. En los exámenes de laboratorio se aprecia tipo de sangre ORh- en su embarazo anterior tuvo un hijo con sangre ARh sin complicaciones actuales ¿Qué acción debe realizarse?",Realizar una prueba de VDRL,Administrar inmunoglobulina anti-D.,Administrar betametasona.,Realizar una nueva valoración,,B,si
C-075,Simulador Licen,Una mujer de 20 años con discapacidad solicita consejería sobre métodos anticonceptivos porque no desea un embarazo. ¿Qué aspecto debe considerar el profesional de enfermería durante la asesoría?,"Debido a su condición física, las personas con discapacidad no tienen deseo sexual ni un modo de expresarlos ni",Reconocer que los derechos sexuales y reproductivos de las personas con discapacidad son diferentes de los de cualquier otra persona.,Reconocer que las personas con discapacidad tienen menos probabilidades de embarazarse o de embarazar.,Informar que la vivencia de la sexualidad de manera autónoma depende del tipo y nivel de discapacidad.,,B,si
C-076,Simulador Licen,"Un paciente ingresado en un hospital presenta una infección por Clostridioides difficile, una bacteria altamente contagiosa que puede causar diarrea grave. Según el Manual de Bioseguridad para Establecimientos de Salud del Ministerio de Salud Pública del Ecuador, ¿Cuál de los siguientes tipos de aislamiento es el adecuado para este paciente?",Aislamiento aéreo.,Aislamiento por gotas.,Aislamiento de contacto.,Aislamiento protector.,,C,si
C-077,Simulador Licen,"Un paciente de 27 años llega al centro de salud con una lesión en forma de ampolla en el labio, acompañada de ardor y picazón. Al momento presenta malestar general y cansancio. Después de evaluar los síntomas, el profesional de enfermería indica que el paciente presenta herpes simple. ¿En qué etapa está el curso de la infección del paciente?",Etapa de incubación.,Etapa prodrómica.,Etapa clínica.,Etapa subclínica.,,B,si
C-078,Simulador Licen,"Paciente masculino de 60 años con dolor crónico y diagnóstico de diabetes mellitus tipo II, Diagnosticado hace diez años, refiere mareos, visión borrosa, debilidad generalizada, polidipsia y poliuria desde hace 3 días, está en tratamiento con metformina, aunque menciona que a veces se olvida de tomárselas. Al examen físico signos vitales de presión arterial de 130/85mm Hg, FC 96. Los estudios de laboratorio muestran los siguientes resultados, glucosa plasmática de 356mg/dL y hemoglobina glucosilada de 10%. ¿Cuál es el tratamiento más adecuado para regularizar los niveles de glucosa?",Educación al paciente y modificación de hábitos saludables.,Asociación de metformina con glibenclamida según prescripción médica.,Metformina 500mg más modificaciones del estilo de vida.,"Insulina de acción intermedia, aproximadamente 10 unidades al día.",,D,si
C-079,Simulador Licen,"Usted participa en el taller ofrecido a la comunidad como evaluador del programa educativo, por lo que comienza a recabar información en los participantes sobre el tema abordado desde sus perspectivas y evaluar dinámicas, análisis, abstracción y organización de este. ¿Qué aspecto metodológico en la implementación del taller se está evaluando?",Aplicación del conocimiento,Recreación del conocimiento,Conceptualización,Experienciación,,D,si
C-080,Simulador Licen,"Usted participa como instrumentista en una cirugía de laparotomía exploratoria por obstrucción intestinal, el cirujano identifica un tejido sospechoso y procede a tomar una muestra para estudio histopatológico, como instrumentista su rol primordial en el campo estéril es reducir esta muestra, la cual es entregada al personal circulante en el manejo de esta muestra? ¿Cuál es la responsabilidad del enfermero circulante en el manejo de esta muestra?",Almacenar la muestra en un lugar seguro dentro del quirófano hasta finalizar la cirugía.,Verificar la correcta identificación del recipiente con los datos del paciente y del cirujano con su adecuada preservación.,Colocar la muestra directamente en un recipiente seco sin preservante.,No se logra definir la cuarta alternativa.,,B,si
C-081,Simulador Licen,"Usuario pediátrico posoperatorio recibe ácido acetilsalicílico para el manejo de la inflamación. Al tercer día, posterior al tratamiento farmacológico, es valorado y se observan vómitos persistentes, irritabilidad, confusión, somnolencia, ictericia y convulsiones. ¿Qué complicación tiene este niño?",Síndrome de Reyer,Síndrome de Klinefelter,Enfermedad de Kawasaki,Enfermedad de Paget,,A,si
C-082,Simulador Licen,"Paciente de 88 años con diagnósticos de hipotiroidismo, se encuentra hospitalizada, se encuentra en reposo relativo con buena adherencia al tratamiento, durante la valoración presenta los siguientes signos vitales: presión arterial 90/60mm Hg Fc: 80lpm, Fr:18rpm T: 35.6 °C, S: 95%, presenta abdomen globuloso doloroso a la palpación, asténica, piel seca, ¿cuál es la intervención de enfermería indicada para esta paciente?",Administración de levotiroxina,Vigilar los procesos cognitivos,Monitorizar la temperatura corporal y la tensión arterial frecuentemente,Fomentar la actividad física,,C,si
C-083,Simulador Licen,"La profesional de enfermería, durante una actividad del club de madres, explica aspectos relacionados con la lactancia materna. Una madre adolescente primigesta refiere que “no tiene leche”. En la valoración física se identifica una producción de calostro considerada normal. ¿Qué recomendación debe proporcionar la profesional de enfermería, tomando en cuenta la fisiología de la lactancia materna?",Aplicar calor y masaje en las mamas.,Complementar la alimentación con fórmula.,Continuar con la lactancia materna.,Tomar abundantes líquidos.,,C,si
C-084,Simulador Licen,"Paciente de 65 años es atendida por presentar dificultad respiratoria, fatiga y edema en miembros inferiores, se auscultan crepitantes pulmonares bilaterales y estertores en bases pulmonares, se constatan signos vitales como presión arterial 160/100, FC}: 100lpm, FR}: 18 rpm, S: 80%, el paciente tiene antecedentes de hipertensión arterial y ah sido diagnosticado con insuficiencia cardiaca congestiva ¿cómo parte de los cuidados de enfermería cuál son las intervenciones de enfermería para este paciente?",Monitorización de signos vitales,Administración de oxígeno,Control de ingesta y eliminación,Colocar al paciente en trendelenburg y administrar oxígeno,,A,si
C-085,Simulador Licen,"Paciente femenina de 52 años, posquirúrgica de apendicectomía. Durante la fase de recuperación presenta dolor severo de 9/10 de intensidad. El médico prescribe un analgésico opioide por la intensidad del dolor. Usted, como personal de enfermería, debe conocer la medicación correcta. ¿Qué medicamento es el correcto? Entre las opciones mencionadas se encuentran:",Paracetamol.,Ibuprofeno.,Ketorolaco.,Tramadol.,,D,si
C-086,Simulador Licen,"Paciente masculino de 89 años, con diagnóstico de Alzheimer, tiene dificultad para caminar por problemas de artrosis y está expuesto al riesgo de caídas. Usted es el profesional de enfermería que cuida de él y elabora el plan de cuidados, en el que considera importante el control del riesgo como un resultado contemplado dentro de la taxonomía NOC. ¿En cuál de los siguientes dominios se encuentra el resultado ""Control del riesgo""?",Salud funcional.,Salud fisiológica.,Salud psicosocial.,Conocimiento y conducta de salud.,,D,si
C-087,Simulador Licen,"Durante la valoración inicial de un paciente adulto que ingresa por dolor abdominal, el profesional de enfermería inicia la entrevista realizando una serie de preguntas para obtener la información necesaria que se requiere en su atención. Al finalizar, le pide al paciente que resuma la conversación para asegurarse de que ha comprendido correctamente. De acuerdo con la relación entre el paciente y el profesional de enfermería, ¿qué habilidad se describe principalmente en este caso?",Empatía.,Escucha activa.,Confirmación.,Confrontación.,,C,si
C-088,Simulador Licen,"Paciente femina de 60 años, hospitalizada en aislamiento por diagnóstico de histoplasmosis, requiere la aplicación de precauciones estándar para mantener el ambiente libre de microorganismos. ¿Cuál es el desinfectante idóneo para la unidad del paciente?",Amonio cuaternario.,Hipoclorito de sodio.,Alcohol.,Triclosán.,,B,si
C-090,Simulador Licen,"Un paciente de 68 años de edad pasa al servicio de emergencia por un dolor torácico agudo opresivo irradiado hacia brazo izquierdo y la mandíbula, sudoración, náuseas, ansiedad e inquietud. Se constatan parámetros vitales... el medico diagnostica infarto agudo de miocardio... ¿basándose en este caso cual es el diagnostico de enfermería prioritario para este paciente?",Riesgo de la disminución de la perfusión tisular cardiaca,Riesgo de perfusión tisular periférica ineficaz relacionado con disminución del gasto cardiaco,Dolor agudo relacionado con agentes lesivos biológicos,Dolor agudo relacionado con agentes lesivos físicos (respuesta de cecopri),,C,si
C-091,Simulador Licen,"Paciente de 52 años que ingresa al servicio de urgencias con antecedente de trauma abdominal cerrado y presenta dolor y distensión abdominal, como profesional de enfermería ¿Cuál de las siguientes intervenciones es prioritaria en este caso?",Realizar una evaluación primaria según protocolo ABCDE.,Administrar analgésicos por vía oral.,Colocar una sonda nasogástrica.,Administrar fluidos intravenosos según prescripción.,,A,si
C-092,Simulador Licen,"Paciente de 38 años que presenta ictericia, fatiga, náuseas, orina oscura, los resultados de análisis de laboratorio revelan la presencia del antigeno del virus de la hepatitis B y la elevación de las enzimas hepáticas. El paciente es diagnóstico con hepatitis B. ¿Qué intervención de enfermería es adecuada?",Fomentar una dieta baja en proteínas.,Administrar vacuna contra la hepatitis.,Administrar antivirales específicos para hepatitis.,Educar al paciente y a su familia sobre las precauciones para evitar la transmisión.,,D,si
C-093,Simulador Licen,"El informe sobre la situación de la enfermería en 2020 identificó la necesidad de invertir en educación, empleo y liderazgo. ¿Cuál de las siguientes líneas de acción se orienta específicamente a la gobernanza de la enfermería?","Fortalecer la calidad de la educación en enfermería para responder a las necesidades de los sistemas de salud, al acceso universal y a la cobertura universal de salud, así como a los ODS.",Abordar las condiciones de trabajo y las capacidades de las y los profesionales de enfermería para ampliar el acceso y la cobertura con equidad y calidad.,"Promover un modelo de atención centrado en las personas, las familias y las comunidades, fortaleciendo el primer nivel de atención y las redes integradas de servicios de salud.",Fortalecer y consolidar el liderazgo y la gestión estratégica de la enfermería en los sistemas de salud y en la formulación y el seguimiento de las políticas.,,D,si
C-094,Simulador Licen,"Paciente de 68 años con cáncer de pulmón avanzado que desarrolla una obstrucción de la vía aérea superior debido a un tumor que comprime la tráquea. Presenta estridor inspiratorio y espiratorio, dolor, disnea severa, retracción intercostal y saturación de oxígeno de 80%. ¿Cuál es la intervención de enfermería prioritaria para manejar la condición del paciente?",Administrar oxígeno mediante mascarilla de Venturi.,Realizar fisioterapia respiratoria y técnicas de tos.,Administrar analgésicos opioides para controlar el dolor.,Administrar corticosteroides intravenosos en bolo.,,A,si
C-095,Simulador Licen,"Una paciente de 27 años, en puerperio inmediato, presenta hemorragia. En la valoración se identifican signos de inestabilidad hemodinámica, involución uterina inadecuada y atonía uterina. P/A ¿Qué actividad debe realizar inicialmente el personal de enfermería?",Realizar masaje uterino.,Efectuar compresión uterina bimanual.,Administrar oxitocina según prescripción.,Colocar medias de compresión.,,A,si
C-097,Simulador Licen,"Un paciente adulto mayor se encuentra hospitalizado con una fractura de fémur, con tracción de partes blandas e indicación de reposo absoluto durante los últimos cinco días. Para su cuidado es necesario aplicar medidas de higiene y confort, pero estas se dificultan debido a su condición. ¿Cuál es el tipo de baño más adecuado para este paciente?",Baño en ducha.,Baño en tina.,Baño en cama.,Baño de esponja en el lavabo.,,C,si
C-098,Simulador Licen,"Un recién nacido presenta coloración rosada, frecuencia cardiaca de 100 latidos por minuto, algún grado de flexión de las extremidades, movimiento ante el estímulo y llanto débil. El profesional de salud aplica el test de Apgar y obtiene una puntuación de 7. ¿Cuál es la interpretación del resultado obtenido?",Moderadamente deprimido.,Deprimido.,Con bienestar o condición neonatal adecuada.,Severamente deprimido.,,C,si
C-099,Simulador Licen,Una mujer de 30 años se encuentra en la sala de labor de parto e indica que le duele mucho. Presenta 6 cm de dilatación y 60 % de borramiento cervical. ¿Cuál es la actuación del personal de enfermería para aliviar el dolor?,Colocar a la paciente en decúbito lateral izquierdo.,Administrar un medicamento bajo prescripción.,Aplicar métodos no farmacológicos.,Sugerir el parto en libre posición.,,C,si
C-100,Simulador Licen,"Paciente femenina de aproximadamente 49 años se encuentra hospitalizada, con antecedente o diagnóstico relacionado con insuficiencia renal aguda con 3 meses de evolución. Al tratamiento compensatorio de electrolitos y diuréticos, Durante la valoración presenta somnolencia con esfuerzo respiratorio, fiebre de 38,5 °C, edema de miembros inferiores una cruz, el profesional enfermero planifica y ejecuta cuidados inmediatos de acuerdos con los signos y síntomas para evitar complicaciones. ¿Cuál es la intervención de enfermería prioritaria de acuerdo con los signos y síntomas presentados?",Disminución de la tasa metabólica.,Provisión de cuidados cutáneos.,Vigilancia del electrolítico.,Atención a la función pulmonar.,,D,si
C-101,Simulador Licen,"En un hospital de tercer nivel se presenta un brote inesperado de Serratia marcescens. Se requiere estudiar, en un único momento, los factores posiblemente relacionados con el brote para estimar su asociación. ¿Qué tipo de investigación corresponde según las variables y el tiempo de medición?",Descriptiva,Transversal,cualitativa,Longitudinal,,B,si
C-102,Simulador Licen,"Paciente de 25 años será intervenido de una apendicitis aguda, la enfermera circulante esta realizando conteo inicial de gasas y compresas junto con la enfermera instrumentista. ¿Cuál es la razón prioritaria para realizar este control?",Evaluar la competencia de la enfermera instrumentista en la preparación quirúrgica.,Cumplir con la normativa institucional sin implicaciones en la seguridad del paciente.,Prevenir la retención inadvertida de material quirúrgico dentro del paciente.,Asegurar la disponibilidad de todo el material quirúrgico necesario para la cirugía.,,C,si
C-103,Simulador Licen,"Profesionales de enfermería difunden, junto con la comunidad y en un espacio público, estrategias y servicios relacionados con la alimentación saludable. Participan autoridades de la Dirección Provincial de Salud. ¿Qué técnica de aprendizaje cooperativo se está realizando?",Murgas por la salud,Talleres de salud,Ferias de salud,Casa abierta,,C,si
C-104,Simulador Licen,El personal de salud se encuentra preparado para realizar el corte del cordón umbilical durante la etapa expulsiva. ¿Cuánto tiempo debe esperar para realizar el corte del cordón umbilical?,Antes del primer minuto.,Entre uno y tres minutos.,A partir del quinto minuto,Después de cinco minutos.,,B,si
C-106,Simulador Licen,"Paciente de 40 años diagnosticado con diabetes mellitus tipo 1 que utiliza insulina basal de larga duración e insulina rápida antes de las comidas. Refiere mareos y sudoración por las mañanas, especialmente antes del desayuno, y los registros muestran hipoglucemias matutinas frecuentes. ¿Cuál es la mejor intervención para abordar este problema?",Recomendar una fuente concentrada de carbohidratos de acción rápida para tratar la hipoglucemia.,Sugerir reducción de la dosis de insulina rápida antes de la cena para evitar hipoglucemias nocturnas.,Recomendar ejercicio físico intenso por la mañana.,Aumentar la dosis de insulina basal durante la noche.,,B,si
C-107,Simulador Licen,"Paciente varón de 50 años se encuentra en el periodo post operatorio después de someterse a una cirugía abdominal para extirpar un tumor, durante la valoración post operatoria el paciente presenta sintomatología sugestiva de atelectasia y dolor en el área quirúrgica. ¿Cuál es la intervención de enfermería más adecuada?",Aspiración.,Drenaje postural.,Espirometría incentivada.,Percusión torácica.,,C,si
C-108,Simulador Licen,"En el centro de salud en el que labora se ha realizado atención extramural. El personal de enfermería gestiona los desechos producidos durante la atención, como depresores linguales, hisopos y espéculos vaginales descartables utilizados en ginecología. ¿Cómo clasificaría los desechos empleados en la atención?",Desechos comunes.,Desechos biológico-infecciosos.,Desechos cortopunzantes.,Desechos anatomopatológicos.,,C,si
C-110,Simulador Licen,"Un profesional de enfermería revisa la indicación médica de un paciente de 63 años, quien tiene prescrita ceftriaxona 1 gr IV cda/8 horas. El profesional de enfermería previo la administración del medicamento, observa que el paciente tiene colocado únicamente un catéter venoso central de un solo lumen con nutrición parenteral total. Y decide obtener un acceso venoso periférico para administrar el medicamento prescrito al paciente. ¿Cuál de los correctos en la administración de medicamentos está aplicando principalmente el profesional?",Paciente correcto.,Medicamento correcto.,Vía correcta.,Hora correcta.,,C,si
C-111,Simulador Licen,"Una mujer de 40 años, multípara, con 36 semanas de gestación presenta convulsiones tónico-clónicas generalizadas y recibe sulfato de magnesio en dosis de impregnación y mantenimiento. ¿Cuáles son los cuidados principales para prevenir la toxicidad del medicamento?","Realizar la dilución correcta, control de diuresis de al menos 30 ml/hora, valorar la frecuencia respiratoria y reflejos rotulianos cada 30 minutos.","Control de signos vitales, realizar la dilución con la prescripción de apoyo de 20 miligramos, correspondientemente al 20%, pasar en bolo.","Control en tira reactiva de orina para la determinación de proteína. Recolección de orina en 24 horas, administrar directamente.","Realizar exámenes de hemograma, pruebas de coagulación, creatinina, urea, ácido úrico y bilirrubinas, transaminasas hepáticas.",,A,si
C-112,Simulador Licen,"Paciente adulto mayor con antecedentes de fibromialgias bajo tratamiento hace un mes con gabapentina 900 mg cada 8 horas, acude a consulta externa por dificultad para evacuar desde hace aproximadamente dos días, malestar abdominal y flatulencia. El paciente indica que vive solo, y tiene dificultad para preparar sus alimentos, como personal de enfermería ¿Cuál es la principal recomendación de enfermería?",Administrar laxantes diariamente.,Realizar una colonoscopia por posible obstrucción intestinal.,Sugerir una dieta rica en fibra e ingerir abundantes líquidos.,Administrar enemas evacuantes de manera profiláctica.,,C,si
C-E-001,Simulador Licen,Usted como profesional de enfermería se encuentra realizando la función administrativa en el servicio de pediatría y requiere contratar personal de enfermería para cubrir 50 horas que atención directa al paciente previamente calculado según el número de camas ¿cuántos enfermeros requiere contratar para cubrir 10 jornadas de trabajo,10 enfermeros,3 enfermeros,5 enfermeras,8 enfermeros,,C,si
C-E-002,Simulador Licen,"El medico prescribe penicilina benzatínica de 12000 vía intramuscular, para el manejo de un paciente con amigdalitis, para ello la enfermera se prepara un continúa preparando la piel con alcohol en la zona glútea, al diluir el medicamento ella ordena lo utilizado, al momento que la enfermera limpia la piel del paciente, Que proceso estamos aplicando.",Antisepsia,Desinfección,Esterilización,Limpieza,,A,si
C-E-003,Simulador Licen,"Usted, como profesional de enfermería, se encuentra participando en un estudio experimental con un grupo de pacientes hipertensos, donde se da a conocer cómo influye el consumo de sal, el ejercicio físico aeróbico y una dieta mediterránea en las cifras de la tensión arterial. Para ello hay que manipular las variables independientes y observar la respuesta en la variable dependiente. ¿Cuál es la variable dependiente de este estudio?.",Dieta mediterránea,Tensión arterial,Ejercicios físicos,Aeróbicos,,B,si
C-E-004,Simulador Licen,"Está realizando un diagnóstico de salud en su comunidad y ha observado un aumento al consumo de drogas entre adolescentes, así como una mayor deserción escolar. Al identificar este problema la se plantea la hipótesis de que a mayor deserción escolar mayor es el consumo de drogas entre los adolescentes qué tipo hipótesis a planteado.",Hipótesis causales multivariadas,Hipótesis de diferencia entre grupos,Hipótesis descriptiva,Hipótesis correlacional,,D,si
C-E-005,Simulador Licen,"En el centro de salud donde usted labora como profesional de enfermería, se ha planificado la campaña de salud “Cómo cuidar tu corazón”. Cada integrante del equipo de salud tiene asignada una actividad específica. ¿Cuál de los siguientes roles corresponde al profesional de enfermería dentro de esta campaña?","Educar, brindar apoyo y reforzamiento a un grupo de riesgo",Fomentar la salud y la prevención de enfermedades,Realizar únicamente actividades informativas de tensión y erradicación,Brindar asesoramiento individual exclusivamente,,A,si
C-E-006,Simulador Licen,Paciente con edema en miembros inferiores 3+++ y disnea. ¿Cuál es la acción prioritaria de enfermería?,Controlar ingresos y egresos,Administrar diuréticos de asa,Elevar únicamente los pies del paciente,Registrar el peso al final del turno,,B,si
C-E-007,Simulador Licen,"En el centro de salud se atiende a un paciente masculino de 54 años y se le diagnostica hipertensión arterial, el paciente habla quichua y debido a la ausencia de interprete de este idioma el personal de enfermería no logra comunicarle las medidas no farmacológicas para mejorar su condición, a pesar de haber recibido la atención oportuna. Cual de los derechos del paciente ha sido principal mente vulnerable.",Derecho a no ser discriminado,Derecho a la confidencialidad,Derecho a la información,,,C,si
C-E-008,Simulador Licen,Paciente con diabetes mellitus acude a consulta y solicita orientación sobre qué alimento puede consumir para prevenir complicaciones y mantener un mejor control de su enfermedad. ¿Cuál de los siguientes alimentos es la mejor opción?,Sandía,Melón,Frutos secos,Carne roja seca,,C,si
C-E-009,Simulador Licen,Usted trabaja como profesional de enfermería en un servicio de cirugía y está participando en un estudio de investigación En el que se plantea la siguiente hipótesis la administración de analgésicos por vía intravenosa reduce a nivel del dolor en pacientes posoperatorios ¿Qué tipo de hipótesis se presenta en este caso?,Hipótesis correlacional,Hipótesis descriptiva,Hipótesis nula,Hipótesis alternativa,,D,no
C-E-010,Simulador Licen,El personal de enfermería desea evaluar la efectividad de un nuevo protocolo de higiene para reducir el número de infecciones asociadas hacia la atención sanitaria de las IAAS en la unidad de cuidados intensivos durante un periodo de 6 meses se registraron los siguientes datos total de pacientes en la UCI 300 total de la IAAS REGISTRADAS 45 total IAAS paciente en la UCI 4510 SUMA Del número de días que cada paciente pasó en la UCI tiempo de exposición se desea comparar estos datos con un periodo previo de 6 meses antes de implementar el nuevo protocolo en el cual se presentaron 60 IAAS con 4800 DIAS paciente. Para evaluar adecuadamente el número de casos nuevos de IAA Y comparar los dos periodos relacionados al tiempo de exposición cuál es la mejor medida estadística a utilizar en este caso,Tasa de incidencia de la IAAS por día paciente,Razón de la IAAS por total de pacientes,Medida de la IAAS por paciente,Proporción de pacientes con IAAS respecto al total de pacientes,,A,si
C-E-011,Simulador Licen,Según el AIEPI clínico 2017. ¿Cuál de los siguientes síntomas representan un signo de peligro en general para clasificar como enfermedad muy grave?,Ha tenido o tiene convulsiones.,Tiraje subcostal.,Cianosis.,Respiraciones rápidas.,,A,si
C-E-012,Simulador Licen,"En la central de esterilización el personal de enfermería esta preparando el despacho del material para llevar a cabo una cirugía abdominopélvica lo cual requiere kit de ropa, equipos instrumentales de gran tamaño y peso, insumos de material blanco para ser usados en este proceso quirúrgico. Que modelo de paquete es ideal en este caso",Tipo sobre,Bolsas de papel,Tipo rollo,Tipo Rectangular,,D,si
C-E-013,Simulador Licen,"Recién nacido de 3 días de vida, con antecedentes de asfixia perinatal, presenta un paro cardiorrespiratorio. El equipo de salud inicia maniobras de reanimación. Tras 30 segundos de ventilación efectiva y compresiones torácicas, la frecuencia cardíaca continúa por debajo de 60 latidos por minuto. De acuerdo con las guías de reanimación neonatal, ¿cuál es el medicamento que debe prepararse para su administración inmediata?",Dexametasona,Adrenalina,Dopamina,Aminofilina,,B,no
C-E-014,Simulador Licen,Usted se encuentra laborando en el departamento de hospitalización de pediatría y observa que su paciente de 15 años presenta enrojecimiento e inflamación en la zona del catéter central una vez que el médico retira cuando el catéter usted le informa al paciente qué se tomará una muestra para cultivo con el fin de identificar posibles gérmenes causantes de los síntomas. El paciente se encuentra con un cuidador ya que sus padres se encuentran fuera del país según el modelo de aplicación del consentimiento informado en la práctica asistencial del Ministerio de salud pública del Ecuador ¿cómo debe proceder con el consentimiento informado.,No aplica la firma del consentimiento informado,El cuidador del paciente debe firmar el consentimiento informado,El representante legal del paciente debe firmar el consentimiento informado,El paciente debe firmar el consentimiento informado antes del procedimiento,,A,si
C-E-015,Simulador Licen,"Durante la entrega y recepción de turno en el área de emergencia deben revisar los medicamentos e insumos que se encuentran en el coche de par, para la verificación de calidad y fecha de caducidad en el procedimiento. Usted observa soluciones salinas caducadas de manera inmediata se procede a eliminar que tipo de desecho se debería de tirar.",Desechos farmacéuticos no peligrosos,Desechos comunes,Desechos biológicos infecciosos,Desechos farmacéuticos peligrosos,,A,si
C-E-016,Simulador Licen,"En la valoración de un paciente se evidencian ansiedad, confusión mental, palidez, piel fría y oliguria, manifestaciones características de un estado de shock agudo, definido como la incapacidad del sistema circulatorio para satisfacer las demandas metabólicas de oxígeno de los tejidos. ¿Qué tipo de shock se produce por la redistribución anormal de la sangre secundaria a vasodilatación periférica?",Shock hipovolémico,Shock cardiogénico,Shock distributivo,Shock obstructivo,,B,si
C-E-017,Simulador Licen,"Paciente adulto mayor con antecedentes de fibromialgias bajo tratamiento hace un mes con gabapentina 900 mg cada 8 horas, acude a consulta externa por dificultad para evacuar desde hace aproximadamente dos días, malestar abdominal y flatulencia. El paciente indica que vive solo, y tiene dificultad para preparar sus alimentos, como personal de enfermería ¿Cuál es la principal recomendación de enfermería?",Administrar laxantes diariamente.,Realizar una colonoscopia por posible obstrucción intestinal.,Sugerir una dieta rica en fibra e ingerir abundantes líquidos.,Administrar enemas evacuantes de manera profiláctica.,,C,no
C-E-018,Simulador Licen,"Paciente masculino de 4 años ingresa al servicio de emergencia por dificultad respiratoria. La madre refiere que el niño se encuentra irritable y con abundantes secreciones. Al examen físico se evidencia taquipnea, taquicardia y saturación de oxígeno de 85 %. Una gasometría arterial reporta una PaO₂ de 40 mmHg. ¿Cuál es la intervención más adecuada en este momento?",Administración de oxígeno,Limpieza de las fosas nasales con solución salina,Fisioterapia torácica,Aspiración de secreciones,,A,si
C-E-019,Simulador Licen,"Como profesional de enfermería, están realizando un estudio para conocer el comportamiento del consumo de alcohol en un grupo de adolescentes para la información se recogerá en un momento específico este es un problema nuevo y poco conocido en la actualidad y a partir de los resultados de este estudio usted desea ejecutar programas de promoción y prevención de la salud. ¿Qué tipo de diseño transicional es el adecuado para realizar el estudio?",Diseño transicional correlacional causal,Diseño transicional descriptivo,Diseño transicional exploratorio,Diseño Longitudinal,,C,si
C-E-020,Simulador Licen,"Paciente con diagnóstico de cáncer de mama ingresa al servicio de oncología para recibir tratamiento de quimioterapia, antes del procedimiento usted le informa al paciente lo que puede presentar, náuseas, vómitos, cefalea y que son reacciones del medicamento. Pero detecta que no presta atención porque se encuentra abrumada por su condición. ¿Cuál es el principal lenguaje de comunicación que debe utilizar con esta paciente?",Utilizar un lenguaje técnico y científico para que el paciente comprenda su tratamiento,Utilizar términos apropiados y sencillo para explicarle su pronóstico,Utilizar un lenguaje autoritario,,,B,si
C-E-021,Simulador Licen,"Paciente hospitalizado en preparación prequirúrgica para una cirugía programada en 12 horas. Presenta glicemia de 70 mg/dL, nerviosismo y temor. ¿Cuál es la intervención prioritaria de enfermería?",Administrar medicamento hipoglucemiante.,Administrar líquidos parenterales.,Suspender la preparación quirúrgica.,Indicar reposo absoluto sin realizar ninguna acción.,,B,si
C-E-022,Simulador Licen,"Paciente masculino de 58 años, programado para colecistectomía laparoscópica electiva. Presenta antecedentes de hipertensión arterial controlada con enalapril y diabetes mellitus tipo 2 controlada con metformina. No refiere disnea, dolor torácico ni limitación funcional. En la valoración preanestésica se encuentra hemodinámicamente estable, consciente, orientado y sin signos de descompensación aguda. ¿Cuál es la clasificación ASA más adecuada para este paciente?",ASA I,ASA II,ASA III,ASA IV,,B,si
C-E-023,Simulador Licen,"Paciente de 52 años acude al centro de salud porque refiere sofocos frecuentes, insomnio y cambios de humor. Comenta que su última menstruación fue hace más de un año. No presenta antecedentes patológicos relevantes y no utiliza tratamiento hormonal. Expresa preocupación por su salud ósea, ya que su madre tuvo fractura de cadera por osteoporosis. De acuerdo con el caso, ¿cuál es la intervención de enfermería más adecuada?",Indicar que los síntomas son normales y que no requieren atención específica.,"Educar sobre los cambios fisiológicos de la menopausia y promover hábitos saludables, como ejercicio y dieta rica en calcio y vitamina D.",Sugerir el uso de suplementos herbales sin necesidad de consulta médica.,Recomendar el inicio inmediato de terapia hormonal sustitutiva con estrógenos para aliviar los síntomas.,,B,no
C-E-024,Simulador Licen,"Niño de 13 años ingiere accidentalmente sosa cáustica en su hogar. Posteriormente presenta incapacidad para deglutir y sensación de ahogo, por lo que su madre lo lleva inmediatamente al hospital. Durante la atención de enfermería se realiza monitorización, evaluación de antecedentes y preparación para el tratamiento. ¿Cuál es el tratamiento más adecuado en este caso?",Provocar el vómito.,Administrar carbón activado.,Realizar lavado gástrico.,Administrar agua o leche.,,D,si
C-E-025,Simulador Licen,"Niña de 4 años acude al centro de salud para control. Luego de la valoración antropométrica, se determina que el indicador peso para la talla se encuentra por debajo de -3 desviaciones estándar. ¿Qué problema de crecimiento presenta la niña?",Desnutrición aguda moderada,Desnutrición crónica o baja talla,Desnutrición aguda severa,Desnutrición crónica severa o baja talla severa,,C,no
C-E-026,Simulador Licen,Paciente con diabetes diagnosticada acude a consulta con glucosa de 200 mg/dL. ¿Cuál es la prioridad de enfermería?,Administrar insulina de acción rápida de inmediato.,Educar al paciente en su estilo de vida y autocuidado.,Suspender la alimentación hasta normalizar la glucosa.,Indicar reposo absoluto y vigilar solo la glucosa.,,B,si
C-E-027,Simulador Licen,"Paciente de 45 años hospitalizado en neumología con diagnóstico de neumonía bacteriana durante su hospitalización se realiza la limpieza y desinfección, rutinaria o concurrentes de las superficies ambientales para prevenir la inseminación de la enfermedad. Que superficie no necesitas limpiar diariamente",Cerraduras,Espejos,Barandillas,,,C,si
C-E-028,Simulador Licen,"Como profesional de enfermería usted es parte del equipo administrativo en un hospital de segundo nivel de atención ha observado el deterioro de las camas que no generan estancia en el servicio de observación de urgencias, así como aquellas destinadas para el acompañante por lo tanto es necesario realizar una compra inmediata especificando la clasificación de estas camas según su funcionalidad ¿Qué tipo de cama debe especificar en la compra?",Cama especial,Cama convencional,Cama alternativa,Cama miscelánea,,D,si
C-E-029,Simulador Licen,"Usted trabaja en la unidad de cuidados intensivos de un hospital y durante su turno observa que algunos pacientes no reciben la atención adecuadas a sus necesidades comportamentales, como la higiene o la prevención por úlcera por presión, esta situación padece deberse a la sobrecarga de trabajo del personal, ante esta preocupación por el deterioro de los pacientes decide comunicarse con el equipo de dirección para abogar por el derecho a una mejor atención para estos paciente vulnerables. Cuál de los roles que desarrolla el profesional de enfermería es el mas relevante en esta situación.",Defensor,Asistencial,Cuidador,,,A,si
C-E-030,Simulador Licen,"En una comunidad rural, los profesionales de salud y actores locales se reúnen para analizar el incumplimiento de estrategias y acciones prioritarias de educación y comunicación relacionadas con el uso inadecuado de químicos en la agricultura y la exposición prolongada a la radiación solar. Los datos muestran aumento de quemaduras en la piel, persistencia de envejecimiento prematuro y mayor referencia de lesiones precancerosas y cáncer de piel a la unidad de salud oncológica. ¿Qué acción debe replantear la licenciada en enfermería dentro de los procesos educativos de promoción de la salud?",Elaborar lineamientos para desarrollar procesos de educación y comunicación,Aplicar un enfoque de interculturalidad en las acciones educativas,Preparar un método expositivo como experta dirigido exclusivamente a los actores sociales,Diseñar herramientas educativas y de comunicación,,B,si
C-E-031,Simulador Licen,"Un profesional de enfermería a terminado de realizar el aseo de un paciente fallecido debido a un infarto agudo de miocardio por arritmias malignas, ha retirado los catéteres en los orificios naturales y a colocado el cuerpo en decúbito supino con leve elevación de la cabeza. Porque se coloca el cuerpo en esta posición.",Para disminuir la lividez cadavérica en el rostro,Para evitar el drenaje sanguíneo de la cara,Para impedir la aparición de la rigidez cadavérica,Para evitar el enfriamiento cadavérico,,B,no
C-E-032,Simulador Licen,"Primigesta de 35 años cursa el posparto inmediato. El recién nacido fue macrosómico, con peso de 4,26 kg. Como antecedentes presenta desprendimiento prematuro de placenta normoinserta y preeclampsia grave. Se administran oxitócicos prescritos y se realiza masaje uterino cada hora. A las dos horas del parto elimina aproximadamente 1200 mL de sangre, por lo que se activa la clave obstétrica roja. ¿Cuál es la probable complicación puerperal que presenta la paciente?",Inversión uterina completa,Hemorragia posparto tardía,Rotura traumática uterina,Hemorragia posparto,,D,si
C-E-033,Simulador Licen,"Las complicaciones que pueden presentar en el puerperio son la hemorragia y el shock hipovolémico, frente a esto los cuidados de enfermería que se deben realizar y que irán encaminados a vigilar para prevenirlos son: la monitorización de constantes vitales, administración de fármacos, palpación del fondo uterino, control de diuresis, valoración de las mamas y la aparición de loquios. ¿A qué clase de puerperio corresponden estos cuidados de enfermería?",Puerperio inmediato,Puerperio mediato,Puerperio tardío,Reacción psicógena,,A,si
C-E-034,Simulador Licen,"Paciente masculino de 79 años con asma y fumador desde hace 28 año, al realizar la valoración enfermero, presenta dificultad respiratoria, cianosis, sonidos crepitantes, producción de secreciones en abundante cantidad con frecuencia y acompañado de tos, cual es el dominio alterado de acuerdo con la taxonomía NANDA.",Dominio principios vitales,Dominio seguridad y protección,Dominio confort,Dominio percepción y cognición,,B,si
C-E-035,Simulador Licen,"Paciente hospitalizada en el servicio de terapia intensiva con diagnostico de sepsis, por lo que se requiere una serie de medidas para disminuir las infecciones asociadas a la atención en salud. Usted como personal de enfermería debe asegurar que se cumpla el protocolo de limpieza y desinfección concurrente. Cuál es el procedimiento de desinfección indicado según el tipo de exposición en este caso.",Realizar la limpieza y desinfección una sola vez como mínimo al día,Desarrollar la limpieza de desinfección con fenoles una sola vez por semana,Realizar la limpieza y desinfección una vez por semana en el área crítica: hacer la limpieza minuciosa incluyendo sistema de ventilación e iluminación,,,A,si
C-E-036,Simulador Licen,"Paciente femenina de 28 años acude al servicio de ginecología, refiriendo dolor pélvico recurrente y sangrado de origen menstrual, durante la valoración medica se solicita la colaboración para preparación del paciente para la realización de una ecografía transvaginal, con el objetivo de evaluar las estructuras pélvicas internas. Cuál es la estructura que se espera visualizar",Trompas de Falopio,Meato urinario,Labios menores,Monte de venus,,A,si
C-E-037,Simulador Licen,"Paciente que requiere transfusión sanguínea, pero aún no es posible administrarla porque se están realizando pruebas cruzadas. ¿Cuál es el expansor de volumen temporal más adecuado según la situación clínica?",Solución salina al 0.9%,Ringer lactato,Emagel,Glucosada al 5%,,C,si
C-E-038,Simulador Licen,"En una unidad de neonatología, se realiza una investigación cuantitativa durante 3 semanas en prematuros de bajo peso al nacer hospitalizados. A los neonatos de la sala A se les aplica 1 hora de musicoterapia clásica diariamente, mientras que a los neonatos de la sala B no se les aplica la intervención. ¿A qué diseño de investigación corresponde este estudio?",Diseño experimental,Diseño cuasi experimental,Diseño correlacional,Diseño descriptivo,,B,si
C-E-039,Simulador Licen,"Paciente de 20 años con diagnostico de TB, y cuadro clínico de tos productiva, secreciones, perdida de peso, fiebre y malestar general, usted se encuentra realizando su internado en el área de neumología de un hospital general y necesita ingresar al paciente. Cuál es el tipo de aislamiento hospitalario que se aplicaría al paciente, según el manual de bioseguridad del MSP.",Aislamiento por aire,Aislamiento por gotas,Aislamiento por contacto,Aislamiento protector,,A,si
C-E-040,Simulador Licen,"Mujer primípara de 29 años ingresa al centro obstétrico y presenta parto eutócico sin complicaciones, con nacimiento de un recién nacido vivo masculino. El personal de salud traslada al binomio madre-hijo a la sala de recuperación para observación en el posparto inmediato. El recién nacido presenta buen reflejo de succión. ¿Cuáles son los parámetros que deben registrarse en el formulario del posparto inmediato?",Resultados de laboratorio y factores de riesgo,Signos de alarma materna y características de la episiotomía,"Frecuencia respiratoria, frecuencia cardiaca, temperatura y presión arterial","Signos vitales, estado de conciencia, contracción uterina y loquios",,D,si
C-E-041,Simulador Licen,"Un paciente masculino de 45 años ingresa al servicio de emergencia en compañía de su familiar, al examen físico presenta disnea, tos, sibilancia y refiere opresión en el pecho. Menciona que ah sido diagnosticado con asma bronquial, y la actual crisis se desencadeno cuando estaba ayudando en una limpieza en el domicilio de un amigo. De acuerdo con el caso antes descrito, que teoría de enfermería esta relacionado.",Teoría de adaptación,Teoría de autocuidado,Teoría del entorno,Teoría de confort,,C,si
C-E-042,Simulador Licen,"Paciente en labor de parto es evaluada por el médico residente, quien durante la valoración realiza un tacto vaginal y determina un borramiento del 90 % y dilatación de 8 cm. Después de una hora, el médico tratante realiza un nuevo tacto vaginal para corroborar la valoración, pese a la resistencia de la paciente. ¿A qué tipo de violencia corresponde esta situación?",Violencia psicológica,Violencia física,Violencia gineco-obstétrica,Negligencia médica,,C,si
C-E-043,Simulador Licen,"Una paciente de bajos recursos, ingresa a emergencia obstétrica con embarazo de 39.2 semanas mas labor inicial de parto, al realizar exámenes de laboratorio incluyendo examen de VIH previo consentimiento, los resultados son positivos, la paciente es ingresada a sala de parto y el profesional de enfermería comunica al acompañante de la paciente los resultados. Qué derecho de la paciente se esta irrespetando",Derecho a la confidencialidad,Derecho Amparo en situación de emergencia,Derecho a no ser discriminado,,,A,si
C-E-044,Simulador Licen,"Paciente que será preparado para una cirugía digestiva. Como parte de la preparación del tracto digestivo, se indica la colocación de un enema. ¿Qué volumen es el más adecuado para un adulto?",100 mL,150 mL,200 mL,750 mL,,D,si
C-E-045,Simulador Licen,"Mujer de 20 años, primigesta, acude al centro de salud acompañada de su recién nacido masculino de 15 días de vida para realizar el tamizaje metabólico neonatal. El recién nacido presenta signos vitales normales. ¿Cuál de las siguientes consideraciones es correcta para la toma de la muestra?",Limpiar el área del talón con una gasa impregnada de alcohol antiséptico y realizar la punción en la zona central del talón,Realizar la punción en una de las partes laterales del talón del recién nacido,Anotar todos los datos en la tarjeta después de realizar la toma de la muestra,"El tamizaje metabólico neonatal detecta hipertiroidismo congénito, galactosemia e hiperplasia suprarrenal congénita",,B,si
C-E-046,Simulador Licen,"Un paciente masculino de 90 años es ingresado al servicio de clínica con diagnóstico médico de fibrilación auricular en tratamiento con warfarina. Durante la noche se levanta para ir al baño y se resbala, pero no sufre ningún daño. ¿Cómo se denomina este suceso relacionado con la seguridad del paciente?",Evento adverso,Cuasievento,Evento centinela,Complicación esperada,,B,si
C-E-047,Simulador Licen,"En la Zona 3 de Salud, los profesionales de enfermería se reúnen para analizar su situación laboral y reconocen una baja contribución al mejoramiento de las condiciones de salud y calidad de vida de la población. El líder de enfermería informa además que persiste un trabajo monótono, con escaso interés en la aplicación de guías prácticas para procedimientos asistenciales. Según la valoración sociodemográfica y académica del personal, la mayoría posee formación de grado; sin embargo, a varios profesionales se les dificulta aplicar el modelo de atención para resolver problemas prioritarios de salud. ¿Qué estrategia del sistema de salud vigente deben aplicar los líderes de enfermería para mejorar esta situación?",Incluir la atención primaria de salud renovada en el sistema de salud,"Incorporar salud mental, enfoque de derechos, enfoque de género y cuidados paliativos en la red pública de salud","Fortalecer la investigación, formación y capacitación del talento humano",Centrar exclusivamente la atención hospitalaria especializada,,C,si
C-E-048,Simulador Licen,"Paciente femenina acude a la consulta externa por presentar tos severa, fiebre, pérdida de peso, después de realizarle exámenes el medico desde ingreso por diagnóstico de tuberculosis pulmonar activa y requiere aislamiento de aire, durante el manejo se necesita que el personal de salud adopte medida para evitar transmisión por la vía aérea. Que medidas de precaución considera utilizar en este caso.",Mascarilla N95,Mascarilla quirúrgica,Mascarilla de KN95,Mascarilla de Tela,,A,si
C-E-049,Simulador Licen,"Niño de 9 años, activo y saludable, acude al centro de salud acompañado de su madre. No presenta alergias conocidas ni antecedentes de hospitalización. Su esquema de vacunación se encuentra completo según los registros del centro de salud. Vive en el centro de la ciudad y tiene planificado viajar este año a una zona tropical. ¿Cuál de las siguientes vacunas sería prioritaria según el caso?",Vacuna contra la hepatitis B,Vacuna contra la fiebre amarilla,Vacuna BCG,Vacuna contra el rotavirus,,B,si
C-E-050,Simulador Licen,"Paciente femenina de 67 años es atendida en emergencia, a la valoración presenta diaforesis, mucosas orales secas, fiebre, dolor abdominal, diarrea aguda, náuseas y vómitos. El médico sospecha una infección por salmonela Como profesional de enfermería, ¿cuál es la intervención prioritaria para esta paciente?",Administrar antibióticos de amplio espectro según prescripción,Administrar fluidos intravenosos según prescripción,Administrar antipiréticos según prescripción,Educar sobre la importancia de la higiene de manos,,B,no
C-E-051,Simulador Licen,El líder de enfermería del hospital realiza un plan de cuidado de enfermería en el cual se pone énfasis en valorar los diferentes factores que implican seguir un proceso de parto que requiere cesárea electiva en el embarazo. Se llega a varias conclusiones para brindar educación a los pacientes antes del último trimestre. ¿Cuál de las siguientes infecciones requiere una cesárea electiva durante el embarazo?,Herpes simple,VIH,Hepatitis,Hidrosadenitis supurativa,,A,si
C-E-052,Simulador Licen,"Un paciente se encuentra en la unidad de cuidados intensivos tras una cirugía mayor, el paciente presenta secreciones oculares debido a la presencia de una conjuntivitis post quirúrgica. Usted como profesional de enfermería necesita realizar un cuidado adecuado de los ojos del paciente para promover una correcta higiene y confort. Cual de las siguientes opciones es la mas adecuada.",Lavar los ojos del paciente con clorhexidina al 3%,Lavar los ojos del paciente con agua caliente,Lavar los ojos del paciente con agua tibia,Lavar los ojos del paciente con clorhexidina al 4%,,C,si
C-E-053,Simulador Licen,"Un hombre de 20 años, sin antecedentes personales, ingresa por fiebre, mialgias y artralgias. Al examen físico se encuentra alerta, con signos vitales dentro de parámetros normales. Los familiares refieren que en su comunidad se han detectado casos de Zika. La enfermera activa el sistema de vigilancia epidemiológica basado en eventos. ¿Qué tipo de fuente de información se está utilizando en esta vigilancia?",Fuentes formales,Fuentes informales,CENSOS demográficos,Fuentes nacionales,,B,si
C-E-054,Simulador Licen,Paciente que vive en la región oriental presenta dolor muscular y articular y es diagnosticado con paludismo. ¿Cuál es el vector que transmite esta enfermedad?,Mosquito Aedes aegypti,Mosquito Culex,Mosquito hembra del género Anopheles,Mosca doméstica,,C,si
C-E-055,Simulador Licen,"En un hospital, el centro quirúrgico presenta brotes de infecciones. Tras un estudio ambiental, se observa que ciertas condiciones de temperatura y humedad favorecen la proliferación de microorganismos. ¿Cuál de las siguientes condiciones ambientales es la más propensa para el crecimiento de infecciones en el área quirúrgica?",20 °C y 20% de humedad,23 °C y 40% de humedad,24 °C y 50% de humedad,25 °C y 60% de humedad,,D,si
C-E-056,Simulador Licen,"En un estudio de investigación de enfermería sobre la percepción de calidad de vida en pacientes con enfermedades crónicas, ¿cuál de las siguientes opciones describe correctamente el alcance exploratorio de la investigación?",Comparar la calidad de vida de los pacientes con enfermedades crónicas antes de recibir tratamiento cíclico,Identificar los factores que influyen en la calidad de vida del paciente con enfermedades crónicas,Evaluar la efectividad de un programa de intervención sobre la calidad de vida en pacientes con enfermedades crónicas,Establecer la relación entre la calidad de vida y el tratamiento en pacientes con enfermedades crónicas,,B,no
C-E-057,Simulador Licen,"Un recién nacido masculino, obtenido por cesárea y con bajo peso al nacer, presenta a las 24 horas de vida coloración amarilla de la piel y de los ojos. El personal de enfermería vigila esta condición para reportarla oportunamente. ¿Cómo se denomina este estándar de calidad de atención de enfermería?",Cuidado de los bebés recién nacidos con un peso inferior a 1500 g,Expediente clínico de enfermería del cuidado del recién nacido,Seguimiento del desarrollo del recién nacido con amenaza de hiperbilirrubinemia,Atención digna,,C,si
C-E-058,Simulador Licen,"Paciente femenina de 40 años, presente desde hace 6 días fiebre, dolor abdominal, náuseas, vómitos, y anorexia. En exámenes complementarios leucocitosis, incremento de enzimas pancreáticas. Debido a cuadro clínico requiere hospitalización y tratamiento inmediato, usted como profesional de enfermería del servicio de hospitalización para atender al paciente debe de realizarse el procedimiento del lavado de manos, ¿qué momento en la higiene de manos debe realizarse?",Antes de tocar al paciente,Antes de realizar una tarea limpia o antiséptica,Antes del contacto directo con el paciente,Después de tocar al paciente,Después del contacto con el entorno del paciente,C,si
C-E-059,Simulador Licen,"Lactante de 17 meses acude al centro de salud acompañado de su madre, quien refiere que el niño no quiere lactar y permanece somnoliento. Además, presenta cuatro deposiciones líquidas en las últimas horas. Durante la valoración se evidencian ojos hundidos, mucosas orales secas y estado letárgico. ¿Cuál es el estado de hidratación y la intervención de enfermería más adecuada en este caso?",Disentería grave. Iniciar solución salina a 90 mL/kg y canalizar vía periférica en el hospital.,Deshidratación grave. Aplicar Plan C y referir de urgencia al hospital.,"Diarrea persistente. Iniciar vitamina A, administrar zinc por 14 días y explicar signos de alarma.",Deshidratación moderada. Aplicar Plan B con sales de rehidratación oral a 50 mL/kg.,,B,si
